date,region,product,orders,revenue,users,customer
2025-06-28,North,Alpha,23,818.84,42,Cust_088
2025-06-28,North,Beta,18,1531.6,64,Cust_188
2025-06-28,North,Gamma,15,1087.13,49,Cust_059
2025-06-28,South,Alpha,19,2230.14,44,Cust_190
2025-06-28,South,Beta,16,1267.86,42,Cust_132
2025-06-28,South,Gamma,29,1697.71,44,Cust_172
2025-06-28,East,Alpha,20,2218.64,45,Cust_002
2025-06-28,East,Beta,19,1458.63,49,Cust_014
2025-06-28,East,Gamma,23,1772.02,50,Cust_082
2025-06-28,West,Alpha,20,2330.51,52,Cust_157
2025-06-28,West,Beta,24,2848.53,56,Cust_063
2025-06-28,West,Gamma,23,630.3,47,Cust_135
2025-06-29,North,Alpha,25,738.53,47,Cust_037
2025-06-29,North,Beta,23,2500.59,49,Cust_131
2025-06-29,North,Gamma,24,2330.32,50,Cust_015
2025-06-29,South,Alpha,13,522.23,60,Cust_096
2025-06-29,South,Beta,23,1850.16,51,Cust_013
2025-06-29,South,Gamma,12,433.47,63,Cust_185
2025-06-29,East,Alpha,13,543.97,48,Cust_128
2025-06-29,East,Beta,17,727.49,48,Cust_003
2025-06-29,East,Gamma,19,607.74,46,Cust_180
2025-06-29,West,Alpha,32,2231.2,46,Cust_081
2025-06-29,West,Beta,19,1035.64,53,Cust_053
2025-06-29,West,Gamma,16,1538.59,44,Cust_024
2025-06-30,North,Alpha,19,1896.86,41,Cust_093
2025-06-30,North,Beta,26,1092.63,55,Cust_148
2025-06-30,North,Gamma,22,1960.06,48,Cust_129
2025-06-30,South,Alpha,22,899.96,51,Cust_007
2025-06-30,South,Beta,22,1661.44,51,Cust_048
2025-06-30,South,Gamma,32,3464.44,43,Cust_147
2025-06-30,East,Alpha,26,2189.28,38,Cust_166
2025-06-30,East,Beta,22,1259.02,45,Cust_194
2025-06-30,East,Gamma,23,975.82,55,Cust_021
2025-06-30,West,Alpha,15,1416.26,55,Cust_176
2025-06-30,West,Beta,13,604.76,48,Cust_027
2025-06-30,West,Gamma,19,1605.7,54,Cust_061
2025-07-01,North,Alpha,20,1937.11,49,Cust_006
2025-07-01,North,Beta,18,2030.97,48,Cust_099
2025-07-01,North,Gamma,17,796.41,50,Cust_054
2025-07-01,South,Alpha,23,683.51,41,Cust_130
2025-07-01,South,Beta,17,572.26,54,Cust_170
2025-07-01,South,Gamma,20,1996.59,53,Cust_144
2025-07-01,East,Alpha,19,1003.49,44,Cust_015
2025-07-01,East,Beta,18,1300.04,56,Cust_005
2025-07-01,East,Gamma,19,749.32,48,Cust_168
2025-07-01,West,Alpha,20,1990.37,45,Cust_183
2025-07-01,West,Beta,16,449.4,48,Cust_129
2025-07-01,West,Gamma,15,675.36,51,Cust_117
2025-07-02,North,Alpha,22,1885.64,49,Cust_195
2025-07-02,North,Beta,16,1532.55,33,Cust_190
2025-07-02,North,Gamma,23,685.02,50,Cust_033
2025-07-02,South,Alpha,19,471.31,45,Cust_147
2025-07-02,South,Beta,20,1717.39,42,Cust_002
2025-07-02,South,Gamma,29,1705.69,53,Cust_179
2025-07-02,East,Alpha,25,2551.07,53,Cust_029
2025-07-02,East,Beta,12,261.87,39,Cust_081
2025-07-02,East,Gamma,22,1939.55,47,Cust_135
2025-07-02,West,Alpha,14,1160.52,60,Cust_021
2025-07-02,West,Beta,19,1474.26,55,Cust_096
2025-07-02,West,Gamma,18,1905.14,48,Cust_099
2025-07-03,North,Alpha,20,1040.1,60,Cust_140
2025-07-03,North,Beta,22,1524.66,38,Cust_140
2025-07-03,North,Gamma,18,1714.27,39,Cust_167
2025-07-03,South,Alpha,23,2083.41,58,Cust_168
2025-07-03,South,Beta,12,1087.49,38,Cust_083
2025-07-03,South,Gamma,21,2268.76,52,Cust_159
2025-07-03,East,Alpha,20,1810.17,44,Cust_126
2025-07-03,East,Beta,20,1337.32,35,Cust_061
2025-07-03,East,Gamma,22,1320.49,49,Cust_161
2025-07-03,West,Alpha,12,1403.16,50,Cust_014
2025-07-03,West,Beta,23,2155.33,35,Cust_152
2025-07-03,West,Gamma,22,853.87,49,Cust_178
2025-07-04,North,Alpha,17,781.91,49,Cust_161
2025-07-04,North,Beta,19,894.82,41,Cust_134
2025-07-04,North,Gamma,30,2440.25,48,Cust_109
2025-07-04,South,Alpha,15,1466.4,47,Cust_086
2025-07-04,South,Beta,25,658.78,31,Cust_149
2025-07-04,South,Gamma,25,1626.36,52,Cust_113
2025-07-04,East,Alpha,24,1124.81,49,Cust_050
2025-07-04,East,Beta,25,1902.34,60,Cust_112
2025-07-04,East,Gamma,20,1969.34,53,Cust_103
2025-07-04,West,Alpha,14,770.82,52,Cust_091
2025-07-04,West,Beta,13,971.68,49,Cust_030
2025-07-04,West,Gamma,30,3379.76,50,Cust_069
2025-07-05,North,Alpha,18,792.26,37,Cust_183
2025-07-05,North,Beta,21,1885.1,42,Cust_025
2025-07-05,North,Gamma,27,2342.41,42,Cust_147
2025-07-05,South,Alpha,25,1369.05,51,Cust_046
2025-07-05,South,Beta,18,1602.71,53,Cust_094
2025-07-05,South,Gamma,15,303.89,59,Cust_099
2025-07-05,East,Alpha,15,855.71,50,Cust_078
2025-07-05,East,Beta,19,449.7,44,Cust_111
2025-07-05,East,Gamma,25,576.18,59,Cust_115
2025-07-05,West,Alpha,16,923.65,43,Cust_044
2025-07-05,West,Beta,16,1078.35,47,Cust_146
2025-07-05,West,Gamma,13,1022.89,55,Cust_083
2025-07-06,North,Alpha,18,1979.37,52,Cust_059
2025-07-06,North,Beta,16,564.57,44,Cust_075
2025-07-06,North,Gamma,13,332.35,58,Cust_031
2025-07-06,South,Alpha,13,1520.31,59,Cust_113
2025-07-06,South,Beta,20,2041.72,55,Cust_026
2025-07-06,South,Gamma,17,657.97,46,Cust_020
2025-07-06,East,Alpha,16,1296.99,45,Cust_139
2025-07-06,East,Beta,28,2222.87,47,Cust_005
2025-07-06,East,Gamma,17,772.89,54,Cust_143
2025-07-06,West,Alpha,20,1097.74,63,Cust_178
2025-07-06,West,Beta,14,1593.68,42,Cust_040
2025-07-06,West,Gamma,23,2257.48,58,Cust_060
2025-07-07,North,Alpha,15,1521.86,53,Cust_132
2025-07-07,North,Beta,17,1501.07,49,Cust_032
2025-07-07,North,Gamma,19,1800.46,50,Cust_194
2025-07-07,South,Alpha,21,1730.9,53,Cust_192
2025-07-07,South,Beta,20,1546.3,54,Cust_033
2025-07-07,South,Gamma,18,559.14,58,Cust_184
2025-07-07,East,Alpha,20,1372.71,48,Cust_155
2025-07-07,East,Beta,22,1633.99,44,Cust_011
2025-07-07,East,Gamma,31,1324.79,48,Cust_107
2025-07-07,West,Alpha,15,1058.83,52,Cust_060
2025-07-07,West,Beta,21,2349.38,57,Cust_127
2025-07-07,West,Gamma,15,1210.07,48,Cust_040
2025-07-08,North,Alpha,14,511.73,43,Cust_001
2025-07-08,North,Beta,26,2057.32,48,Cust_137
2025-07-08,North,Gamma,16,1285.95,40,Cust_090
2025-07-08,South,Alpha,28,1531.47,55,Cust_171
2025-07-08,South,Beta,16,584.82,56,Cust_154
2025-07-08,South,Gamma,14,399.49,52,Cust_179
2025-07-08,East,Alpha,16,648.22,43,Cust_030
2025-07-08,East,Beta,25,1235.11,55,Cust_113
2025-07-08,East,Gamma,19,674.96,43,Cust_103
2025-07-08,West,Alpha,24,2633.83,50,Cust_055
2025-07-08,West,Beta,15,1288.39,44,Cust_072
2025-07-08,West,Gamma,15,657.27,39,Cust_078
2025-07-09,North,Alpha,21,2441.56,65,Cust_142
2025-07-09,North,Beta,17,362.1,38,Cust_147
2025-07-09,North,Gamma,14,1180.1,53,Cust_130
2025-07-09,South,Alpha,18,1855.18,47,Cust_137
2025-07-09,South,Beta,19,2182.06,56,Cust_158
2025-07-09,South,Gamma,20,1999.71,48,Cust_014
2025-07-09,East,Alpha,23,1385.87,44,Cust_004
2025-07-09,East,Beta,23,2351.94,51,Cust_041
2025-07-09,East,Gamma,17,1447.41,58,Cust_106
2025-07-09,West,Alpha,14,653.1,55,Cust_053
2025-07-09,West,Beta,19,1365.94,34,Cust_107
2025-07-09,West,Gamma,15,1456.48,37,Cust_011
2025-07-10,North,Alpha,18,894.82,51,Cust_111
2025-07-10,North,Beta,30,2051.26,45,Cust_081
2025-07-10,North,Gamma,20,1068.49,56,Cust_040
2025-07-10,South,Alpha,23,2043.33,49,Cust_131
2025-07-10,South,Beta,12,1401.24,46,Cust_049
2025-07-10,South,Gamma,19,1409.61,59,Cust_149
2025-07-10,East,Alpha,24,2009.36,53,Cust_109
2025-07-10,East,Beta,22,1734.18,49,Cust_079
2025-07-10,East,Gamma,23,2586.11,49,Cust_167
2025-07-10,West,Alpha,19,1604.64,53,Cust_108
2025-07-10,West,Beta,14,1254.8,47,Cust_108
2025-07-10,West,Gamma,21,1550.64,53,Cust_161
2025-07-11,North,Alpha,26,1125.69,51,Cust_123
2025-07-11,North,Beta,24,1631.7,53,Cust_121
2025-07-11,North,Gamma,24,1491.26,55,Cust_003
2025-07-11,South,Alpha,19,2000.36,55,Cust_176
2025-07-11,South,Beta,19,1671.33,56,Cust_198
2025-07-11,South,Gamma,21,2497.29,55,Cust_072
2025-07-11,East,Alpha,29,2342.44,50,Cust_057
2025-07-11,East,Beta,16,1567.34,47,Cust_047
2025-07-11,East,Gamma,16,1275.64,50,Cust_163
2025-07-11,West,Alpha,24,849.35,57,Cust_120
2025-07-11,West,Beta,23,2518.32,59,Cust_184
2025-07-11,West,Gamma,17,1850.87,57,Cust_005
2025-07-12,North,Alpha,23,1041.09,34,Cust_037
2025-07-12,North,Beta,16,441.81,58,Cust_062
2025-07-12,North,Gamma,21,1150.4,54,Cust_033
2025-07-12,South,Alpha,22,2348.05,54,Cust_089
2025-07-12,South,Beta,28,2517.17,43,Cust_045
2025-07-12,South,Gamma,26,2667.12,41,Cust_158
2025-07-12,East,Alpha,27,2041.69,56,Cust_194
2025-07-12,East,Beta,17,2008.02,53,Cust_188
2025-07-12,East,Gamma,14,305.8,49,Cust_156
2025-07-12,West,Alpha,23,1152.22,54,Cust_138
2025-07-12,West,Beta,20,549.39,54,Cust_180
2025-07-12,West,Gamma,24,533.1,46,Cust_179
2025-07-13,North,Alpha,16,574.3,49,Cust_099
2025-07-13,North,Beta,19,1890.14,54,Cust_130
2025-07-13,North,Gamma,24,795.2,61,Cust_084
2025-07-13,South,Alpha,19,2249.56,48,Cust_015
2025-07-13,South,Beta,23,2456.68,55,Cust_027
2025-07-13,South,Gamma,33,3526.46,56,Cust_174
2025-07-13,East,Alpha,20,1993.6,70,Cust_015
2025-07-13,East,Beta,20,650.37,54,Cust_166
2025-07-13,East,Gamma,16,1362.43,46,Cust_072
2025-07-13,West,Alpha,17,359.75,37,Cust_110
2025-07-13,West,Beta,22,2535.83,61,Cust_179
2025-07-13,West,Gamma,13,1542.66,41,Cust_086
2025-07-14,North,Alpha,16,1561.29,64,Cust_033
2025-07-14,North,Beta,26,2663.74,47,Cust_166
2025-07-14,North,Gamma,21,2101.23,43,Cust_049
2025-07-14,South,Alpha,30,3288.66,52,Cust_160
2025-07-14,South,Beta,30,2950.27,52,Cust_084
2025-07-14,South,Gamma,21,2066.05,50,Cust_188
2025-07-14,East,Alpha,23,598.81,44,Cust_045
2025-07-14,East,Beta,21,1407.38,55,Cust_053
2025-07-14,East,Gamma,22,1661.8,55,Cust_096
2025-07-14,West,Alpha,20,563.05,48,Cust_182
2025-07-14,West,Beta,19,1761.62,55,Cust_004
2025-07-14,West,Gamma,23,1621.14,51,Cust_105
2025-07-15,North,Alpha,19,1304.67,48,Cust_115
2025-07-15,North,Beta,17,992.54,49,Cust_099
2025-07-15,North,Gamma,24,1924.45,53,Cust_002
2025-07-15,South,Alpha,20,2141.5,49,Cust_084
2025-07-15,South,Beta,21,1241.27,71,Cust_005
2025-07-15,South,Gamma,18,595.57,44,Cust_014
2025-07-15,East,Alpha,18,1564.9,41,Cust_008
2025-07-15,East,Beta,22,807.49,42,Cust_165
2025-07-15,East,Gamma,18,1767.22,54,Cust_111
2025-07-15,West,Alpha,26,810.99,45,Cust_037
2025-07-15,West,Beta,29,934.12,49,Cust_069
2025-07-15,West,Gamma,13,1154.67,48,Cust_043
2025-07-16,North,Alpha,16,868.25,51,Cust_126
2025-07-16,North,Beta,17,683.15,39,Cust_096
2025-07-16,North,Gamma,16,1885.81,47,Cust_145
2025-07-16,South,Alpha,24,2389.22,62,Cust_031
2025-07-16,South,Beta,22,1872.71,40,Cust_192
2025-07-16,South,Gamma,19,1866.53,51,Cust_068
2025-07-16,East,Alpha,22,2476.48,49,Cust_141
2025-07-16,East,Beta,24,2442.8,40,Cust_089
2025-07-16,East,Gamma,18,1457.7,51,Cust_093
2025-07-16,West,Alpha,19,1089.18,44,Cust_099
2025-07-16,West,Beta,15,1439.02,50,Cust_072
2025-07-16,West,Gamma,20,451.28,47,Cust_048
2025-07-17,North,Alpha,21,1696.6,56,Cust_108
2025-07-17,North,Beta,31,1226.91,61,Cust_051
2025-07-17,North,Gamma,18,1234.57,45,Cust_027
2025-07-17,South,Alpha,28,2186.61,38,Cust_002
2025-07-17,South,Beta,17,547.21,42,Cust_074
2025-07-17,South,Gamma,24,1188.67,57,Cust_184
2025-07-17,East,Alpha,32,3219.18,51,Cust_106
2025-07-17,East,Beta,13,1089.38,50,Cust_026
2025-07-17,East,Gamma,16,977.65,47,Cust_037
2025-07-17,West,Alpha,17,1787.0,54,Cust_147
2025-07-17,West,Beta,22,1730.54,42,Cust_161
2025-07-17,West,Gamma,16,357.82,53,Cust_160
2025-07-18,North,Alpha,22,1830.43,35,Cust_064
2025-07-18,North,Beta,14,846.05,48,Cust_024
2025-07-18,North,Gamma,14,1294.07,52,Cust_036
2025-07-18,South,Alpha,15,639.98,47,Cust_049
2025-07-18,South,Beta,25,674.83,53,Cust_050
2025-07-18,South,Gamma,22,1445.09,43,Cust_172
2025-07-18,East,Alpha,22,2047.43,49,Cust_044
2025-07-18,East,Beta,22,815.05,48,Cust_055
2025-07-18,East,Gamma,24,2075.79,44,Cust_104
2025-07-18,West,Alpha,24,2091.74,39,Cust_032
2025-07-18,West,Beta,14,1374.84,54,Cust_151
2025-07-18,West,Gamma,17,488.99,64,Cust_075
2025-07-19,North,Alpha,25,2855.97,59,Cust_150
2025-07-19,North,Beta,25,2826.49,40,Cust_035
2025-07-19,North,Gamma,22,2027.13,41,Cust_014
2025-07-19,South,Alpha,12,448.23,54,Cust_020
2025-07-19,South,Beta,21,1078.83,52,Cust_080
2025-07-19,South,Gamma,24,1686.16,48,Cust_117
2025-07-19,East,Alpha,14,988.55,44,Cust_012
2025-07-19,East,Beta,32,1637.81,50,Cust_060
2025-07-19,East,Gamma,25,544.22,52,Cust_031
2025-07-19,West,Alpha,19,2270.25,41,Cust_190
2025-07-19,West,Beta,17,1515.75,52,Cust_040
2025-07-19,West,Gamma,25,1265.63,53,Cust_178
2025-07-20,North,Alpha,19,1078.74,48,Cust_086
2025-07-20,North,Beta,32,1068.17,48,Cust_149
2025-07-20,North,Gamma,24,1764.74,43,Cust_181
2025-07-20,South,Alpha,20,1495.92,49,Cust_183
2025-07-20,South,Beta,14,1490.52,44,Cust_180
2025-07-20,South,Gamma,26,3006.18,41,Cust_120
2025-07-20,East,Alpha,17,1083.93,45,Cust_058
2025-07-20,East,Beta,16,1640.21,50,Cust_177
2025-07-20,East,Gamma,21,1508.66,41,Cust_193
2025-07-20,West,Alpha,19,452.24,55,Cust_179
2025-07-20,West,Beta,12,1387.8,55,Cust_110
2025-07-20,West,Gamma,29,1609.04,48,Cust_096
2025-07-21,North,Alpha,12,339.14,50,Cust_136
2025-07-21,North,Beta,24,1396.66,43,Cust_126
2025-07-21,North,Gamma,17,1971.71,49,Cust_010
2025-07-21,South,Alpha,24,2831.93,52,Cust_095
2025-07-21,South,Beta,20,713.28,33,Cust_146
2025-07-21,South,Gamma,16,1011.32,49,Cust_022
2025-07-21,East,Alpha,17,1489.17,50,Cust_149
2025-07-21,East,Beta,17,1804.33,44,Cust_149
2025-07-21,East,Gamma,21,533.1,46,Cust_089
2025-07-21,West,Alpha,29,1057.96,41,Cust_027
2025-07-21,West,Beta,32,1122.16,47,Cust_165
2025-07-21,West,Gamma,21,1044.85,51,Cust_039
2025-07-22,North,Alpha,21,1330.98,42,Cust_072
2025-07-22,North,Beta,16,1906.9,39,Cust_106
2025-07-22,North,Gamma,22,2073.17,57,Cust_066
2025-07-22,South,Alpha,18,1357.61,47,Cust_070
2025-07-22,South,Beta,18,1659.73,60,Cust_037
2025-07-22,South,Gamma,22,832.42,42,Cust_017
2025-07-22,East,Alpha,21,1768.88,36,Cust_055
2025-07-22,East,Beta,23,1579.17,52,Cust_188
2025-07-22,East,Gamma,25,692.65,35,Cust_030
2025-07-22,West,Alpha,25,1433.66,40,Cust_146
2025-07-22,West,Beta,18,1802.46,56,Cust_118
2025-07-22,West,Gamma,22,1839.59,56,Cust_198
2025-07-23,North,Alpha,16,1887.43,42,Cust_094
2025-07-23,North,Beta,25,1795.2,46,Cust_170
2025-07-23,North,Gamma,25,1442.29,49,Cust_149
2025-07-23,South,Alpha,19,633.61,38,Cust_163
2025-07-23,South,Beta,19,1834.47,42,Cust_188
2025-07-23,South,Gamma,19,1276.91,33,Cust_135
2025-07-23,East,Alpha,16,1535.04,49,Cust_044
2025-07-23,East,Beta,15,369.75,52,Cust_021
2025-07-23,East,Gamma,20,1094.69,61,Cust_148
2025-07-23,West,Alpha,18,1777.88,53,Cust_021
2025-07-23,West,Beta,16,636.96,51,Cust_089
2025-07-23,West,Gamma,15,1380.01,48,Cust_086
2025-07-24,North,Alpha,21,661.01,59,Cust_169
2025-07-24,North,Beta,24,1950.96,44,Cust_074
2025-07-24,North,Gamma,25,1655.74,48,Cust_086
2025-07-24,South,Alpha,17,530.29,57,Cust_032
2025-07-24,South,Beta,17,901.37,56,Cust_120
2025-07-24,South,Gamma,14,506.27,45,Cust_168
2025-07-24,East,Alpha,19,1403.53,50,Cust_180
2025-07-24,East,Beta,19,557.48,49,Cust_012
2025-07-24,East,Gamma,20,1985.71,52,Cust_055
2025-07-24,West,Alpha,22,2413.31,50,Cust_198
2025-07-24,West,Beta,24,2537.23,61,Cust_040
2025-07-24,West,Gamma,20,466.77,47,Cust_176
2025-07-25,North,Alpha,15,1222.95,57,Cust_016
2025-07-25,North,Beta,14,732.22,53,Cust_069
2025-07-25,North,Gamma,21,1930.64,60,Cust_133
2025-07-25,South,Alpha,34,1688.07,62,Cust_060
2025-07-25,South,Beta,17,1736.78,49,Cust_131
2025-07-25,South,Gamma,26,1155.28,40,Cust_161
2025-07-25,East,Alpha,16,876.71,49,Cust_185
2025-07-25,East,Beta,19,1782.33,45,Cust_125
2025-07-25,East,Gamma,22,1949.92,37,Cust_148
2025-07-25,West,Alpha,16,766.84,53,Cust_153
2025-07-25,West,Beta,16,429.61,56,Cust_142
2025-07-25,West,Gamma,27,2719.97,53,Cust_151
2025-07-26,North,Alpha,15,869.25,44,Cust_190
2025-07-26,North,Beta,13,314.63,45,Cust_083
2025-07-26,North,Gamma,21,1538.62,53,Cust_120
2025-07-26,South,Alpha,23,682.03,44,Cust_120
2025-07-26,South,Beta,17,466.21,44,Cust_041
2025-07-26,South,Gamma,25,1983.05,60,Cust_183
2025-07-26,East,Alpha,20,970.58,48,Cust_050
2025-07-26,East,Beta,21,949.85,44,Cust_189
2025-07-26,East,Gamma,19,1027.55,42,Cust_021
2025-07-26,West,Alpha,22,1985.79,44,Cust_028
2025-07-26,West,Beta,16,1873.23,45,Cust_091
2025-07-26,West,Gamma,23,1918.44,37,Cust_145
2025-07-27,North,Alpha,27,1808.03,49,Cust_099
2025-07-27,North,Beta,15,721.02,43,Cust_049
2025-07-27,North,Gamma,8,431.09,57,Cust_062
2025-07-27,South,Alpha,19,907.86,57,Cust_017
2025-07-27,South,Beta,14,990.38,59,Cust_011
2025-07-27,South,Gamma,28,1651.64,54,Cust_189
2025-07-27,East,Alpha,17,1963.6,57,Cust_091
2025-07-27,East,Beta,25,2678.99,45,Cust_161
2025-07-27,East,Gamma,19,609.95,48,Cust_076
2025-07-27,West,Alpha,12,1370.07,54,Cust_194
2025-07-27,West,Beta,26,1825.6,41,Cust_039
2025-07-27,West,Gamma,26,833.45,61,Cust_144
2025-07-28,North,Alpha,23,1492.36,38,Cust_101
2025-07-28,North,Beta,14,760.43,55,Cust_028
2025-07-28,North,Gamma,18,1087.02,38,Cust_122
2025-07-28,South,Alpha,21,1226.9,49,Cust_041
2025-07-28,South,Beta,19,1486.18,47,Cust_100
2025-07-28,South,Gamma,18,1281.03,42,Cust_165
2025-07-28,East,Alpha,26,921.6,53,Cust_126
2025-07-28,East,Beta,21,2198.99,51,Cust_184
2025-07-28,East,Gamma,23,1576.86,69,Cust_155
2025-07-28,West,Alpha,19,975.09,41,Cust_170
2025-07-28,West,Beta,27,3120.98,46,Cust_196
2025-07-28,West,Gamma,13,457.06,49,Cust_109
2025-07-29,North,Alpha,19,872.74,43,Cust_174
2025-07-29,North,Beta,22,2267.51,51,Cust_191
2025-07-29,North,Gamma,14,1156.73,50,Cust_017
2025-07-29,South,Alpha,23,1209.39,57,Cust_085
2025-07-29,South,Beta,14,1118.77,47,Cust_149
2025-07-29,South,Gamma,23,592.8,54,Cust_012
2025-07-29,East,Alpha,20,1909.24,50,Cust_102
2025-07-29,East,Beta,20,1282.45,52,Cust_179
2025-07-29,East,Gamma,27,1737.33,52,Cust_135
2025-07-29,West,Alpha,31,958.72,59,Cust_113
2025-07-29,West,Beta,17,870.23,45,Cust_175
2025-07-29,West,Gamma,23,2052.82,41,Cust_194
2025-07-30,North,Alpha,18,1311.44,38,Cust_067
2025-07-30,North,Beta,23,2163.1,41,Cust_133
2025-07-30,North,Gamma,26,791.45,48,Cust_128
2025-07-30,South,Alpha,23,1164.12,51,Cust_173
2025-07-30,South,Beta,23,692.16,59,Cust_145
2025-07-30,South,Gamma,20,1814.17,34,Cust_013
2025-07-30,East,Alpha,22,2339.48,48,Cust_120
2025-07-30,East,Beta,19,990.84,49,Cust_158
2025-07-30,East,Gamma,18,581.26,60,Cust_190
2025-07-30,West,Alpha,19,1433.85,53,Cust_178
2025-07-30,West,Beta,24,1728.41,41,Cust_012
2025-07-30,West,Gamma,20,667.66,53,Cust_049
2025-07-31,North,Alpha,17,1208.92,34,Cust_038
2025-07-31,North,Beta,27,1800.81,47,Cust_064
2025-07-31,North,Gamma,17,952.4,45,Cust_172
2025-07-31,South,Alpha,21,2400.27,48,Cust_056
2025-07-31,South,Beta,32,2838.46,50,Cust_120
2025-07-31,South,Gamma,22,999.31,59,Cust_024
2025-07-31,East,Alpha,23,702.34,56,Cust_042
2025-07-31,East,Beta,13,760.66,59,Cust_146
2025-07-31,East,Gamma,22,446.34,59,Cust_141
2025-07-31,West,Alpha,19,1085.21,59,Cust_100
2025-07-31,West,Beta,22,1089.66,41,Cust_018
2025-07-31,West,Gamma,20,570.68,51,Cust_074
2025-08-01,North,Alpha,18,583.86,48,Cust_111
2025-08-01,North,Beta,18,840.02,56,Cust_016
2025-08-01,North,Gamma,24,2822.43,40,Cust_187
2025-08-01,South,Alpha,18,687.13,49,Cust_153
2025-08-01,South,Beta,24,1315.43,47,Cust_043
2025-08-01,South,Gamma,22,2374.36,54,Cust_008
2025-08-01,East,Alpha,19,955.54,36,Cust_098
2025-08-01,East,Beta,21,545.4,54,Cust_104
2025-08-01,East,Gamma,29,3454.85,37,Cust_059
2025-08-01,West,Alpha,23,2520.97,58,Cust_083
2025-08-01,West,Beta,22,1923.09,45,Cust_052
2025-08-01,West,Gamma,18,1329.86,36,Cust_026
2025-08-02,North,Alpha,14,1163.29,49,Cust_178
2025-08-02,North,Beta,17,942.26,52,Cust_190
2025-08-02,North,Gamma,19,1202.35,33,Cust_093
2025-08-02,South,Alpha,20,1748.7,50,Cust_070
2025-08-02,South,Beta,13,907.71,48,Cust_190
2025-08-02,South,Gamma,21,1337.69,52,Cust_118
2025-08-02,East,Alpha,25,1387.6,54,Cust_080
2025-08-02,East,Beta,15,1377.5,44,Cust_039
2025-08-02,East,Gamma,21,2067.28,47,Cust_171
2025-08-02,West,Alpha,15,1512.41,45,Cust_093
2025-08-02,West,Beta,20,637.01,45,Cust_155
2025-08-02,West,Gamma,30,2138.16,50,Cust_148
2025-08-03,North,Alpha,30,1671.36,56,Cust_181
2025-08-03,North,Beta,18,792.72,39,Cust_041
2025-08-03,North,Gamma,8,300.18,59,Cust_068
2025-08-03,South,Alpha,21,1638.19,50,Cust_147
2025-08-03,South,Beta,14,1545.26,58,Cust_132
2025-08-03,South,Gamma,21,956.15,46,Cust_046
2025-08-03,East,Alpha,16,430.41,64,Cust_195
2025-08-03,East,Beta,13,321.93,55,Cust_024
2025-08-03,East,Gamma,22,2366.94,51,Cust_023
2025-08-03,West,Alpha,28,2090.76,51,Cust_188
2025-08-03,West,Beta,20,2346.16,44,Cust_061
2025-08-03,West,Gamma,19,478.61,43,Cust_164
2025-08-04,North,Alpha,23,1432.05,46,Cust_025
2025-08-04,North,Beta,16,520.57,48,Cust_022
2025-08-04,North,Gamma,18,1549.83,38,Cust_032
2025-08-04,South,Alpha,15,1175.66,66,Cust_017
2025-08-04,South,Beta,21,1920.29,56,Cust_065
2025-08-04,South,Gamma,23,2696.57,49,Cust_015
2025-08-04,East,Alpha,23,2578.29,54,Cust_126
2025-08-04,East,Beta,18,453.41,41,Cust_084
2025-08-04,East,Gamma,23,1752.77,65,Cust_195
2025-08-04,West,Alpha,20,1174.47,61,Cust_043
2025-08-04,West,Beta,25,2259.25,44,Cust_083
2025-08-04,West,Gamma,23,1703.69,48,Cust_080
2025-08-05,North,Alpha,26,2600.01,51,Cust_123
2025-08-05,North,Beta,22,1136.41,57,Cust_072
2025-08-05,North,Gamma,16,1234.79,45,Cust_027
2025-08-05,South,Alpha,19,1198.03,60,Cust_120
2025-08-05,South,Beta,24,1518.64,54,Cust_194
2025-08-05,South,Gamma,16,1891.28,56,Cust_014
2025-08-05,East,Alpha,18,2006.52,51,Cust_169
2025-08-05,East,Beta,16,438.47,52,Cust_035
2025-08-05,East,Gamma,17,1456.49,37,Cust_020
2025-08-05,West,Alpha,17,1358.38,53,Cust_158
2025-08-05,West,Beta,22,1261.17,51,Cust_096
2025-08-05,West,Gamma,21,989.3,52,Cust_065
2025-08-06,North,Alpha,14,1137.16,53,Cust_028
2025-08-06,North,Beta,22,2499.79,51,Cust_138
2025-08-06,North,Gamma,19,738.23,39,Cust_054
2025-08-06,South,Alpha,18,511.74,57,Cust_155
2025-08-06,South,Beta,21,928.25,55,Cust_113
2025-08-06,South,Gamma,25,2778.8,61,Cust_178
2025-08-06,East,Alpha,23,2007.6,58,Cust_019
2025-08-06,East,Beta,20,1973.54,48,Cust_120
2025-08-06,East,Gamma,24,974.92,57,Cust_188
2025-08-06,West,Alpha,18,1559.63,56,Cust_189
2025-08-06,West,Beta,26,2687.47,50,Cust_107
2025-08-06,West,Gamma,29,2971.76,45,Cust_185
2025-08-07,North,Alpha,16,972.21,49,Cust_129
2025-08-07,North,Beta,24,2052.42,45,Cust_157
2025-08-07,North,Gamma,12,1037.06,54,Cust_069
2025-08-07,South,Alpha,19,864.28,55,Cust_088
2025-08-07,South,Beta,24,2673.09,66,Cust_177
2025-08-07,South,Gamma,26,1541.1,51,Cust_150
2025-08-07,East,Alpha,20,2168.75,47,Cust_158
2025-08-07,East,Beta,19,684.69,54,Cust_046
2025-08-07,East,Gamma,18,1133.3,55,Cust_134
2025-08-07,West,Alpha,24,1779.29,47,Cust_160
2025-08-07,West,Beta,26,1441.11,39,Cust_028
2025-08-07,West,Gamma,17,754.34,45,Cust_126
2025-08-08,North,Alpha,31,2346.32,48,Cust_019
2025-08-08,North,Beta,22,2097.91,43,Cust_141
2025-08-08,North,Gamma,26,1904.51,40,Cust_064
2025-08-08,South,Alpha,28,3305.22,50,Cust_026
2025-08-08,South,Beta,27,1911.07,48,Cust_017
2025-08-08,South,Gamma,19,801.61,55,Cust_056
2025-08-08,East,Alpha,25,1334.07,57,Cust_083
2025-08-08,East,Beta,25,1710.86,53,Cust_128
2025-08-08,East,Gamma,16,1723.76,48,Cust_036
2025-08-08,West,Alpha,25,2954.27,49,Cust_079
2025-08-08,West,Beta,12,970.09,54,Cust_060
2025-08-08,West,Gamma,23,2090.16,53,Cust_092
2025-08-09,North,Alpha,22,668.09,34,Cust_058
2025-08-09,North,Beta,24,2407.2,50,Cust_192
2025-08-09,North,Gamma,23,1983.71,47,Cust_186
2025-08-09,South,Alpha,27,2152.32,53,Cust_062
2025-08-09,South,Beta,15,1374.6,45,Cust_059
2025-08-09,South,Gamma,15,1592.27,59,Cust_139
2025-08-09,East,Alpha,15,1344.23,47,Cust_146
2025-08-09,East,Beta,31,2322.96,51,Cust_195
2025-08-09,East,Gamma,22,1032.93,43,Cust_013
2025-08-09,West,Alpha,22,578.91,56,Cust_023
2025-08-09,West,Beta,24,841.46,44,Cust_022
2025-08-09,West,Gamma,16,382.37,53,Cust_056
2025-08-10,North,Alpha,16,1497.97,49,Cust_146
2025-08-10,North,Beta,25,1941.76,37,Cust_020
2025-08-10,North,Gamma,24,493.72,49,Cust_144
2025-08-10,South,Alpha,19,422.61,47,Cust_158
2025-08-10,South,Beta,17,734.43,53,Cust_160
2025-08-10,South,Gamma,14,287.48,64,Cust_125
2025-08-10,East,Alpha,21,2500.43,56,Cust_074
2025-08-10,East,Beta,14,1077.28,59,Cust_183
2025-08-10,East,Gamma,22,1472.43,49,Cust_113
2025-08-10,West,Alpha,19,1337.61,47,Cust_120
2025-08-10,West,Beta,29,2031.04,54,Cust_182
2025-08-10,West,Gamma,17,1421.1,52,Cust_150
2025-08-11,North,Alpha,19,1971.0,42,Cust_112
2025-08-11,North,Beta,19,1682.83,61,Cust_090
2025-08-11,North,Gamma,19,1467.95,45,Cust_026
2025-08-11,South,Alpha,23,1826.39,54,Cust_158
2025-08-11,South,Beta,27,1204.97,54,Cust_045
2025-08-11,South,Gamma,18,1952.25,40,Cust_037
2025-08-11,East,Alpha,27,3168.13,49,Cust_110
2025-08-11,East,Beta,18,2115.62,57,Cust_094
2025-08-11,East,Gamma,17,1682.0,48,Cust_020
2025-08-11,West,Alpha,12,875.86,40,Cust_151
2025-08-11,West,Beta,24,1198.52,44,Cust_039
2025-08-11,West,Gamma,18,904.46,61,Cust_166
2025-08-12,North,Alpha,26,735.12,50,Cust_046
2025-08-12,North,Beta,24,1873.68,50,Cust_099
2025-08-12,North,Gamma,26,3079.01,48,Cust_181
2025-08-12,South,Alpha,19,1757.51,51,Cust_168
2025-08-12,South,Beta,22,538.92,40,Cust_032
2025-08-12,South,Gamma,26,1027.43,50,Cust_191
2025-08-12,East,Alpha,21,1801.97,40,Cust_144
2025-08-12,East,Beta,18,1732.4,40,Cust_081
2025-08-12,East,Gamma,25,2340.6,50,Cust_054
2025-08-12,West,Alpha,16,915.48,53,Cust_166
2025-08-12,West,Beta,25,2635.65,50,Cust_150
2025-08-12,West,Gamma,21,1593.41,47,Cust_032
2025-08-13,North,Alpha,24,688.84,51,Cust_069
2025-08-13,North,Beta,15,630.76,44,Cust_127
2025-08-13,North,Gamma,17,1820.14,57,Cust_081
2025-08-13,South,Alpha,15,826.83,39,Cust_109
2025-08-13,South,Beta,29,3261.12,56,Cust_156
2025-08-13,South,Gamma,24,1649.44,48,Cust_103
2025-08-13,East,Alpha,29,2633.55,49,Cust_094
2025-08-13,East,Beta,16,1136.93,52,Cust_108
2025-08-13,East,Gamma,20,469.82,51,Cust_182
2025-08-13,West,Alpha,24,1286.42,49,Cust_185
2025-08-13,West,Beta,23,919.63,35,Cust_095
2025-08-13,West,Gamma,24,2105.74,51,Cust_134
2025-08-14,North,Alpha,18,1708.97,49,Cust_177
2025-08-14,North,Beta,16,368.17,63,Cust_017
2025-08-14,North,Gamma,22,1090.44,52,Cust_068
2025-08-14,South,Alpha,18,971.59,49,Cust_105
2025-08-14,South,Beta,18,1790.07,45,Cust_184
2025-08-14,South,Gamma,19,1032.43,43,Cust_132
2025-08-14,East,Alpha,15,659.98,54,Cust_119
2025-08-14,East,Beta,20,1341.92,53,Cust_192
2025-08-14,East,Gamma,17,840.25,56,Cust_105
2025-08-14,West,Alpha,22,1325.29,61,Cust_183
2025-08-14,West,Beta,13,1208.63,64,Cust_084
2025-08-14,West,Gamma,25,2337.31,51,Cust_143
2025-08-15,North,Alpha,30,2801.65,53,Cust_122
2025-08-15,North,Beta,21,1142.31,55,Cust_018
2025-08-15,North,Gamma,20,1221.71,51,Cust_061
2025-08-15,South,Alpha,24,661.59,47,Cust_102
2025-08-15,South,Beta,16,1271.76,55,Cust_030
2025-08-15,South,Gamma,26,2790.08,57,Cust_192
2025-08-15,East,Alpha,33,1806.81,34,Cust_076
2025-08-15,East,Beta,20,2378.86,51,Cust_182
2025-08-15,East,Gamma,24,604.29,51,Cust_166
2025-08-15,West,Alpha,19,1977.73,44,Cust_189
2025-08-15,West,Beta,21,2061.16,45,Cust_060
2025-08-15,West,Gamma,22,511.85,49,Cust_198
2025-08-16,North,Alpha,22,1170.64,63,Cust_135
2025-08-16,North,Beta,19,1544.31,64,Cust_081
2025-08-16,North,Gamma,22,1938.98,64,Cust_152
2025-08-16,South,Alpha,21,956.21,39,Cust_141
2025-08-16,South,Beta,20,956.2,44,Cust_040
2025-08-16,South,Gamma,15,362.87,48,Cust_194
2025-08-16,East,Alpha,21,1475.1,44,Cust_108
2025-08-16,East,Beta,27,2240.52,48,Cust_146
2025-08-16,East,Gamma,19,2077.83,53,Cust_184
2025-08-16,West,Alpha,25,1447.6,62,Cust_146
2025-08-16,West,Beta,16,759.02,61,Cust_120
2025-08-16,West,Gamma,9,185.74,48,Cust_133
2025-08-17,North,Alpha,19,1106.28,52,Cust_003
2025-08-17,North,Beta,19,958.54,43,Cust_125
2025-08-17,North,Gamma,16,1194.33,48,Cust_112
2025-08-17,South,Alpha,19,1756.04,54,Cust_127
2025-08-17,South,Beta,21,911.01,74,Cust_192
2025-08-17,South,Gamma,17,401.08,63,Cust_016
2025-08-17,East,Alpha,21,480.17,52,Cust_108
2025-08-17,East,Beta,17,1526.12,47,Cust_130
2025-08-17,East,Gamma,11,842.68,55,Cust_119
2025-08-17,West,Alpha,21,1314.85,44,Cust_008
2025-08-17,West,Beta,28,1820.16,46,Cust_158
2025-08-17,West,Gamma,17,1466.75,59,Cust_029
2025-08-18,North,Alpha,18,1313.89,42,Cust_064
2025-08-18,North,Beta,17,1270.61,55,Cust_130
2025-08-18,North,Gamma,19,487.69,54,Cust_062
2025-08-18,South,Alpha,18,579.8,40,Cust_116
2025-08-18,South,Beta,22,1920.8,58,Cust_148
2025-08-18,South,Gamma,22,620.45,50,Cust_159
2025-08-18,East,Alpha,22,2345.42,45,Cust_066
2025-08-18,East,Beta,19,1555.67,53,Cust_016
2025-08-18,East,Gamma,16,1422.54,58,Cust_004
2025-08-18,West,Alpha,21,952.53,49,Cust_065
2025-08-18,West,Beta,22,2181.22,52,Cust_019
2025-08-18,West,Gamma,22,1153.52,54,Cust_194
2025-08-19,North,Alpha,24,483.23,47,Cust_096
2025-08-19,North,Beta,16,693.33,53,Cust_042
2025-08-19,North,Gamma,16,659.73,40,Cust_027
2025-08-19,South,Alpha,23,1560.62,63,Cust_076
2025-08-19,South,Beta,20,1745.69,55,Cust_130
2025-08-19,South,Gamma,21,1470.58,37,Cust_146
2025-08-19,East,Alpha,14,1488.21,52,Cust_173
2025-08-19,East,Beta,17,802.32,44,Cust_104
2025-08-19,East,Gamma,14,339.46,58,Cust_046
2025-08-19,West,Alpha,14,1444.13,62,Cust_109
2025-08-19,West,Beta,27,1318.28,46,Cust_031
2025-08-19,West,Gamma,17,591.97,39,Cust_141
2025-08-20,North,Alpha,31,2214.83,38,Cust_022
2025-08-20,North,Beta,16,1088.08,41,Cust_167
2025-08-20,North,Gamma,20,2391.14,52,Cust_058
2025-08-20,South,Alpha,20,1378.07,59,Cust_112
2025-08-20,South,Beta,14,459.66,52,Cust_109
2025-08-20,South,Gamma,16,1001.5,56,Cust_185
2025-08-20,East,Alpha,17,1389.08,58,Cust_042
2025-08-20,East,Beta,20,996.15,45,Cust_184
2025-08-20,East,Gamma,11,864.15,51,Cust_154
2025-08-20,West,Alpha,20,1198.33,52,Cust_065
2025-08-20,West,Beta,24,2739.78,51,Cust_121
2025-08-20,West,Gamma,22,1254.05,51,Cust_028
2025-08-21,North,Alpha,21,2133.12,49,Cust_014
2025-08-21,North,Beta,15,1796.62,49,Cust_093
2025-08-21,North,Gamma,26,3083.09,52,Cust_166
2025-08-21,South,Alpha,19,1767.94,41,Cust_074
2025-08-21,South,Beta,20,1563.47,48,Cust_001
2025-08-21,South,Gamma,15,357.13,52,Cust_004
2025-08-21,East,Alpha,21,2251.02,52,Cust_036
2025-08-21,East,Beta,20,1531.7,61,Cust_157
2025-08-21,East,Gamma,14,885.88,52,Cust_048
2025-08-21,West,Alpha,17,1194.23,43,Cust_066
2025-08-21,West,Beta,22,2163.63,72,Cust_070
2025-08-21,West,Gamma,21,1405.99,41,Cust_094
2025-08-22,North,Alpha,13,624.44,41,Cust_180
2025-08-22,North,Beta,14,923.06,58,Cust_011
2025-08-22,North,Gamma,25,1382.76,57,Cust_172
2025-08-22,South,Alpha,29,1871.62,59,Cust_179
2025-08-22,South,Beta,22,846.64,36,Cust_042
2025-08-22,South,Gamma,17,1263.1,47,Cust_123
2025-08-22,East,Alpha,15,603.44,48,Cust_111
2025-08-22,East,Beta,26,1024.82,49,Cust_195
2025-08-22,East,Gamma,12,919.22,60,Cust_077
2025-08-22,West,Alpha,14,1368.94,50,Cust_010
2025-08-22,West,Beta,29,1440.18,37,Cust_188
2025-08-22,West,Gamma,14,624.19,41,Cust_078
2025-08-23,North,Alpha,17,628.78,35,Cust_160
2025-08-23,North,Beta,20,448.01,46,Cust_067
2025-08-23,North,Gamma,32,2209.31,42,Cust_082
2025-08-23,South,Alpha,24,1792.63,49,Cust_114
2025-08-23,South,Beta,22,2296.26,46,Cust_014
2025-08-23,South,Gamma,25,1498.33,48,Cust_151
2025-08-23,East,Alpha,25,2328.91,47,Cust_180
2025-08-23,East,Beta,26,2319.33,41,Cust_080
2025-08-23,East,Gamma,22,1690.81,36,Cust_163
2025-08-23,West,Alpha,19,681.6,43,Cust_064
2025-08-23,West,Beta,23,1814.75,64,Cust_149
2025-08-23,West,Gamma,20,1540.57,43,Cust_168
2025-08-24,North,Alpha,16,389.3,54,Cust_109
2025-08-24,North,Beta,19,1355.03,41,Cust_148
2025-08-24,North,Gamma,17,1358.81,50,Cust_041
2025-08-24,South,Alpha,20,1869.22,64,Cust_099
2025-08-24,South,Beta,11,1005.86,47,Cust_035
2025-08-24,South,Gamma,27,600.92,59,Cust_089
2025-08-24,East,Alpha,17,1714.27,52,Cust_073
2025-08-24,East,Beta,21,984.47,43,Cust_034
2025-08-24,East,Gamma,19,1500.34,37,Cust_039
2025-08-24,West,Alpha,23,2104.27,52,Cust_125
2025-08-24,West,Beta,25,2123.45,54,Cust_132
2025-08-24,West,Gamma,17,1287.59,54,Cust_079
2025-08-25,North,Alpha,22,2489.83,45,Cust_191
2025-08-25,North,Beta,16,541.0,59,Cust_012
2025-08-25,North,Gamma,18,432.52,50,Cust_060
2025-08-25,South,Alpha,17,1641.96,48,Cust_130
2025-08-25,South,Beta,32,2662.46,55,Cust_099
2025-08-25,South,Gamma,19,1795.91,44,Cust_126
2025-08-25,East,Alpha,27,2568.45,47,Cust_144
2025-08-25,East,Beta,20,897.08,46,Cust_042
2025-08-25,East,Gamma,17,505.76,59,Cust_183
2025-08-25,West,Alpha,20,1421.14,40,Cust_131
2025-08-25,West,Beta,15,968.11,38,Cust_103
2025-08-25,West,Gamma,29,3069.67,41,Cust_191
2025-08-26,North,Alpha,12,989.98,53,Cust_007
2025-08-26,North,Beta,23,2412.93,47,Cust_075
2025-08-26,North,Gamma,22,1323.94,52,Cust_176
2025-08-26,South,Alpha,23,2389.36,54,Cust_159
2025-08-26,South,Beta,14,474.95,52,Cust_079
2025-08-26,South,Gamma,12,1275.0,44,Cust_190
2025-08-26,East,Alpha,29,2828.97,48,Cust_116
2025-08-26,East,Beta,18,979.36,50,Cust_159
2025-08-26,East,Gamma,14,368.38,48,Cust_101
2025-08-26,West,Alpha,22,1353.32,48,Cust_035
2025-08-26,West,Beta,22,1049.11,53,Cust_081
2025-08-26,West,Gamma,28,713.25,43,Cust_185
2025-08-27,North,Alpha,13,926.87,45,Cust_157
2025-08-27,North,Beta,14,1293.64,63,Cust_132
2025-08-27,North,Gamma,20,1149.65,52,Cust_105
2025-08-27,South,Alpha,13,1235.34,45,Cust_184
2025-08-27,South,Beta,24,1546.04,54,Cust_079
2025-08-27,South,Gamma,24,556.13,51,Cust_071
2025-08-27,East,Alpha,24,1772.15,39,Cust_078
2025-08-27,East,Beta,26,3000.51,40,Cust_020
2025-08-27,East,Gamma,25,1269.55,44,Cust_175
2025-08-27,West,Alpha,15,392.14,44,Cust_022
2025-08-27,West,Beta,23,2391.99,47,Cust_122
2025-08-27,West,Gamma,17,619.29,56,Cust_056
2025-08-28,North,Alpha,17,375.29,56,Cust_085
2025-08-28,North,Beta,21,2426.44,44,Cust_123
2025-08-28,North,Gamma,25,1779.45,61,Cust_023
2025-08-28,South,Alpha,20,2305.03,56,Cust_096
2025-08-28,South,Beta,23,1173.71,50,Cust_032
2025-08-28,South,Gamma,19,604.62,48,Cust_134
2025-08-28,East,Alpha,19,900.58,47,Cust_109
2025-08-28,East,Beta,25,2264.89,50,Cust_080
2025-08-28,East,Gamma,24,1986.41,43,Cust_169
2025-08-28,West,Alpha,20,2051.88,57,Cust_180
2025-08-28,West,Beta,22,766.71,52,Cust_126
2025-08-28,West,Gamma,16,1868.39,53,Cust_056
2025-08-29,North,Alpha,21,2014.55,55,Cust_187
2025-08-29,North,Beta,24,743.67,60,Cust_188
2025-08-29,North,Gamma,17,1376.68,44,Cust_173
2025-08-29,South,Alpha,21,1562.34,44,Cust_096
2025-08-29,South,Beta,20,1015.36,63,Cust_112
2025-08-29,South,Gamma,21,924.46,49,Cust_074
2025-08-29,East,Alpha,20,732.46,62,Cust_073
2025-08-29,East,Beta,26,529.98,50,Cust_047
2025-08-29,East,Gamma,26,1188.36,49,Cust_019
2025-08-29,West,Alpha,13,1158.84,45,Cust_181
2025-08-29,West,Beta,21,1324.8,46,Cust_049
2025-08-29,West,Gamma,25,2484.84,64,Cust_046
2025-08-30,North,Alpha,21,1984.13,49,Cust_118
2025-08-30,North,Beta,22,2087.72,47,Cust_080
2025-08-30,North,Gamma,22,688.26,52,Cust_121
2025-08-30,South,Alpha,20,2334.54,48,Cust_140
2025-08-30,South,Beta,22,1906.81,50,Cust_168
2025-08-30,South,Gamma,16,1662.56,51,Cust_187
2025-08-30,East,Alpha,29,2612.51,59,Cust_083
2025-08-30,East,Beta,18,483.19,61,Cust_012
2025-08-30,East,Gamma,25,1314.56,43,Cust_019
2025-08-30,West,Alpha,18,518.64,56,Cust_011
2025-08-30,West,Beta,17,1597.78,56,Cust_131
2025-08-30,West,Gamma,15,362.25,46,Cust_072
2025-08-31,North,Alpha,28,1417.55,45,Cust_038
2025-08-31,North,Beta,20,505.65,55,Cust_190
2025-08-31,North,Gamma,25,643.28,42,Cust_085
2025-08-31,South,Alpha,24,940.86,53,Cust_127
2025-08-31,South,Beta,16,767.42,41,Cust_112
2025-08-31,South,Gamma,15,954.37,53,Cust_086
2025-08-31,East,Alpha,21,2379.02,62,Cust_129
2025-08-31,East,Beta,26,2735.75,32,Cust_051
2025-08-31,East,Gamma,23,656.43,52,Cust_033
2025-08-31,West,Alpha,19,581.7,58,Cust_027
2025-08-31,West,Beta,19,1144.38,48,Cust_031
2025-08-31,West,Gamma,25,1554.28,52,Cust_110
2025-09-01,North,Alpha,18,1952.65,44,Cust_177
2025-09-01,North,Beta,26,2342.25,45,Cust_094
2025-09-01,North,Gamma,20,963.84,46,Cust_053
2025-09-01,South,Alpha,14,1046.25,42,Cust_083
2025-09-01,South,Beta,18,1366.59,50,Cust_108
2025-09-01,South,Gamma,32,2570.28,38,Cust_026
2025-09-01,East,Alpha,25,588.04,55,Cust_015
2025-09-01,East,Beta,26,2858.05,53,Cust_178
2025-09-01,East,Gamma,25,2174.39,48,Cust_143
2025-09-01,West,Alpha,15,1011.24,44,Cust_165
2025-09-01,West,Beta,16,1675.63,47,Cust_104
2025-09-01,West,Gamma,21,492.31,49,Cust_097
2025-09-02,North,Alpha,13,1447.2,48,Cust_197
2025-09-02,North,Beta,19,1924.82,39,Cust_181
2025-09-02,North,Gamma,18,1737.57,63,Cust_121
2025-09-02,South,Alpha,16,958.6,44,Cust_004
2025-09-02,South,Beta,28,1508.68,48,Cust_101
2025-09-02,South,Gamma,19,723.25,65,Cust_105
2025-09-02,East,Alpha,21,700.02,44,Cust_080
2025-09-02,East,Beta,11,741.74,42,Cust_112
2025-09-02,East,Gamma,21,454.99,47,Cust_132
2025-09-02,West,Alpha,23,1620.67,53,Cust_159
2025-09-02,West,Beta,23,1643.33,59,Cust_080
2025-09-02,West,Gamma,20,1287.13,64,Cust_158
2025-09-03,North,Alpha,20,1499.43,48,Cust_159
2025-09-03,North,Beta,16,419.53,57,Cust_149
2025-09-03,North,Gamma,17,1798.36,46,Cust_062
2025-09-03,South,Alpha,20,2346.52,43,Cust_117
2025-09-03,South,Beta,18,977.45,49,Cust_188
2025-09-03,South,Gamma,23,746.69,68,Cust_030
2025-09-03,East,Alpha,9,877.04,41,Cust_189
2025-09-03,East,Beta,29,1421.74,51,Cust_097
2025-09-03,East,Gamma,21,2492.04,44,Cust_057
2025-09-03,West,Alpha,27,2200.69,50,Cust_182
2025-09-03,West,Beta,26,1747.85,58,Cust_131
2025-09-03,West,Gamma,25,1618.88,55,Cust_055
2025-09-04,North,Alpha,12,1283.62,49,Cust_198
2025-09-04,North,Beta,18,1997.27,65,Cust_191
2025-09-04,North,Gamma,24,1761.94,54,Cust_069
2025-09-04,South,Alpha,20,1211.29,59,Cust_029
2025-09-04,South,Beta,16,1431.95,52,Cust_088
2025-09-04,South,Gamma,25,2739.32,50,Cust_109
2025-09-04,East,Alpha,25,1060.96,50,Cust_059
2025-09-04,East,Beta,15,1069.29,58,Cust_018
2025-09-04,East,Gamma,22,977.12,49,Cust_162
2025-09-04,West,Alpha,18,1184.22,48,Cust_179
2025-09-04,West,Beta,31,1698.96,49,Cust_150
2025-09-04,West,Gamma,17,731.54,40,Cust_001
2025-09-05,North,Alpha,23,2641.6,55,Cust_124
2025-09-05,North,Beta,19,2248.35,44,Cust_119
2025-09-05,North,Gamma,19,1928.11,48,Cust_003
2025-09-05,South,Alpha,12,657.39,52,Cust_004
2025-09-05,South,Beta,13,612.48,56,Cust_137
2025-09-05,South,Gamma,16,945.47,57,Cust_168
2025-09-05,East,Alpha,23,1075.92,49,Cust_046
2025-09-05,East,Beta,25,2218.09,46,Cust_002
2025-09-05,East,Gamma,18,1739.24,46,Cust_188
2025-09-05,West,Alpha,19,1696.55,53,Cust_120
2025-09-05,West,Beta,19,1199.3,51,Cust_120
2025-09-05,West,Gamma,18,1960.2,51,Cust_162
2025-09-06,North,Alpha,19,1233.61,46,Cust_191
2025-09-06,North,Beta,20,916.22,49,Cust_145
2025-09-06,North,Gamma,19,957.84,52,Cust_084
2025-09-06,South,Alpha,14,1448.05,52,Cust_022
2025-09-06,South,Beta,24,2456.99,50,Cust_079
2025-09-06,South,Gamma,14,1393.02,42,Cust_163
2025-09-06,East,Alpha,20,1733.87,45,Cust_092
2025-09-06,East,Beta,22,687.27,34,Cust_170
2025-09-06,East,Gamma,27,1584.08,49,Cust_147
2025-09-06,West,Alpha,23,1929.95,45,Cust_116
2025-09-06,West,Beta,12,729.48,47,Cust_164
2025-09-06,West,Gamma,25,2118.36,41,Cust_103
2025-09-07,North,Alpha,21,623.74,36,Cust_069
2025-09-07,North,Beta,26,2559.11,65,Cust_164
2025-09-07,North,Gamma,20,2345.14,47,Cust_189
2025-09-07,South,Alpha,23,1165.94,35,Cust_015
2025-09-07,South,Beta,22,1754.9,49,Cust_149
2025-09-07,South,Gamma,20,674.45,64,Cust_097
2025-09-07,East,Alpha,21,633.95,61,Cust_192
2025-09-07,East,Beta,23,1853.23,53,Cust_009
2025-09-07,East,Gamma,13,1017.17,43,Cust_118
2025-09-07,West,Alpha,19,1133.52,40,Cust_176
2025-09-07,West,Beta,21,1106.15,47,Cust_090
2025-09-07,West,Gamma,19,1972.96,55,Cust_042
2025-09-08,North,Alpha,16,521.78,41,Cust_117
2025-09-08,North,Beta,22,1568.24,47,Cust_006
2025-09-08,North,Gamma,21,2061.07,54,Cust_150
2025-09-08,South,Alpha,23,1118.11,53,Cust_129
2025-09-08,South,Beta,16,1559.32,44,Cust_045
2025-09-08,South,Gamma,27,929.45,56,Cust_016
2025-09-08,East,Alpha,24,2628.18,51,Cust_193
2025-09-08,East,Beta,24,1555.13,45,Cust_178
2025-09-08,East,Gamma,21,2342.11,45,Cust_101
2025-09-08,West,Alpha,30,2441.05,44,Cust_117
2025-09-08,West,Beta,29,1454.6,43,Cust_054
2025-09-08,West,Gamma,18,1286.61,50,Cust_051
2025-09-09,North,Alpha,14,556.06,39,Cust_036
2025-09-09,North,Beta,16,519.38,47,Cust_100
2025-09-09,North,Gamma,22,1025.42,60,Cust_073
2025-09-09,South,Alpha,19,728.5,54,Cust_186
2025-09-09,South,Beta,16,491.25,47,Cust_135
2025-09-09,South,Gamma,16,1237.49,39,Cust_171
2025-09-09,East,Alpha,23,614.75,45,Cust_125
2025-09-09,East,Beta,15,773.58,57,Cust_004
2025-09-09,East,Gamma,22,2250.61,44,Cust_114
2025-09-09,West,Alpha,21,455.52,61,Cust_058
2025-09-09,West,Beta,12,1054.66,44,Cust_098
2025-09-09,West,Gamma,24,2825.85,69,Cust_126
2025-09-10,North,Alpha,20,1963.46,43,Cust_137
2025-09-10,North,Beta,22,806.38,45,Cust_041
2025-09-10,North,Gamma,22,2170.31,44,Cust_069
2025-09-10,South,Alpha,19,1770.56,42,Cust_030
2025-09-10,South,Beta,12,881.76,57,Cust_043
2025-09-10,South,Gamma,18,1824.5,55,Cust_098
2025-09-10,East,Alpha,19,557.76,44,Cust_125
2025-09-10,East,Beta,17,616.27,59,Cust_128
2025-09-10,East,Gamma,14,307.96,52,Cust_128
2025-09-10,West,Alpha,16,1514.27,47,Cust_072
2025-09-10,West,Beta,16,1647.9,48,Cust_013
2025-09-10,West,Gamma,23,1475.46,41,Cust_134
2025-09-11,North,Alpha,24,2204.88,52,Cust_074
2025-09-11,North,Beta,12,540.41,58,Cust_026
2025-09-11,North,Gamma,20,1485.88,41,Cust_178
2025-09-11,South,Alpha,28,1068.57,46,Cust_052
2025-09-11,South,Beta,19,1729.8,48,Cust_120
2025-09-11,South,Gamma,25,2077.79,55,Cust_073
2025-09-11,East,Alpha,15,668.18,55,Cust_091
2025-09-11,East,Beta,13,292.07,48,Cust_150
2025-09-11,East,Gamma,23,947.79,44,Cust_060
2025-09-11,West,Alpha,16,905.78,39,Cust_002
2025-09-11,West,Beta,26,3068.68,53,Cust_048
2025-09-11,West,Gamma,17,1648.54,57,Cust_106
2025-09-12,North,Alpha,14,331.96,38,Cust_123
2025-09-12,North,Beta,13,1333.2,57,Cust_158
2025-09-12,North,Gamma,15,865.51,70,Cust_174
2025-09-12,South,Alpha,9,192.61,51,Cust_103
2025-09-12,South,Beta,21,2421.96,61,Cust_061
2025-09-12,South,Gamma,12,843.86,56,Cust_067
2025-09-12,East,Alpha,22,2359.27,52,Cust_115
2025-09-12,East,Beta,22,1726.85,45,Cust_182
2025-09-12,East,Gamma,20,1906.95,41,Cust_016
2025-09-12,West,Alpha,13,1369.27,59,Cust_112
2025-09-12,West,Beta,26,2391.99,39,Cust_015
2025-09-12,West,Gamma,16,697.09,41,Cust_090
2025-09-13,North,Alpha,9,586.16,40,Cust_014
2025-09-13,North,Beta,21,822.51,49,Cust_186
2025-09-13,North,Gamma,20,2096.41,50,Cust_151
2025-09-13,South,Alpha,18,1357.54,52,Cust_182
2025-09-13,South,Beta,21,2087.31,50,Cust_196
2025-09-13,South,Gamma,15,615.69,54,Cust_016
2025-09-13,East,Alpha,21,1359.34,70,Cust_017
2025-09-13,East,Beta,15,713.92,55,Cust_181
2025-09-13,East,Gamma,24,1832.97,43,Cust_026
2025-09-13,West,Alpha,25,958.91,57,Cust_059
2025-09-13,West,Beta,27,1022.0,50,Cust_024
2025-09-13,West,Gamma,18,1340.68,45,Cust_064
2025-09-14,North,Alpha,20,620.15,47,Cust_177
2025-09-14,North,Beta,24,1200.16,41,Cust_101
2025-09-14,North,Gamma,16,631.99,46,Cust_132
2025-09-14,South,Alpha,23,2413.77,51,Cust_194
2025-09-14,South,Beta,24,1709.43,50,Cust_139
2025-09-14,South,Gamma,21,525.68,36,Cust_039
2025-09-14,East,Alpha,16,1912.99,53,Cust_116
2025-09-14,East,Beta,17,972.92,45,Cust_009
2025-09-14,East,Gamma,16,1359.27,46,Cust_081
2025-09-14,West,Alpha,25,1817.52,51,Cust_066
2025-09-14,West,Beta,17,697.2,56,Cust_006
2025-09-14,West,Gamma,16,481.51,52,Cust_162
2025-09-15,North,Alpha,20,1934.56,63,Cust_024
2025-09-15,North,Beta,22,1963.53,39,Cust_072
2025-09-15,North,Gamma,18,632.54,57,Cust_092
2025-09-15,South,Alpha,25,618.06,37,Cust_153
2025-09-15,South,Beta,21,1583.61,42,Cust_148
2025-09-15,South,Gamma,15,929.22,48,Cust_199
2025-09-15,East,Alpha,13,1222.66,56,Cust_048
2025-09-15,East,Beta,15,437.14,51,Cust_079
2025-09-15,East,Gamma,18,1080.59,51,Cust_123
2025-09-15,West,Alpha,25,801.2,58,Cust_105
2025-09-15,West,Beta,19,476.62,59,Cust_123
2025-09-15,West,Gamma,18,478.13,51,Cust_183
2025-09-16,North,Alpha,24,1936.3,58,Cust_147
2025-09-16,North,Beta,20,1167.89,49,Cust_017
2025-09-16,North,Gamma,19,1119.93,66,Cust_084
2025-09-16,South,Alpha,23,2005.72,54,Cust_022
2025-09-16,South,Beta,24,1644.64,56,Cust_054
2025-09-16,South,Gamma,20,1125.73,52,Cust_161
2025-09-16,East,Alpha,20,938.88,55,Cust_085
2025-09-16,East,Beta,23,636.46,48,Cust_113
2025-09-16,East,Gamma,17,1821.53,48,Cust_053
2025-09-16,West,Alpha,16,589.18,43,Cust_030
2025-09-16,West,Beta,22,1918.44,53,Cust_052
2025-09-16,West,Gamma,12,1416.01,52,Cust_103
2025-09-17,North,Alpha,20,1538.46,51,Cust_077
2025-09-17,North,Beta,22,1464.6,44,Cust_093
2025-09-17,North,Gamma,16,1331.4,50,Cust_170
2025-09-17,South,Alpha,22,2498.15,62,Cust_077
2025-09-17,South,Beta,23,2639.87,35,Cust_141
2025-09-17,South,Gamma,20,893.31,49,Cust_067
2025-09-17,East,Alpha,25,2121.84,55,Cust_081
2025-09-17,East,Beta,20,1281.21,59,Cust_123
2025-09-17,East,Gamma,24,2784.52,53,Cust_136
2025-09-17,West,Alpha,17,1939.17,34,Cust_076
2025-09-17,West,Beta,15,766.51,60,Cust_103
2025-09-17,West,Gamma,24,2852.09,49,Cust_182
2025-09-18,North,Alpha,13,763.42,56,Cust_086
2025-09-18,North,Beta,23,1588.86,37,Cust_148
2025-09-18,North,Gamma,21,684.89,51,Cust_192
2025-09-18,South,Alpha,16,637.13,52,Cust_123
2025-09-18,South,Beta,21,2513.38,48,Cust_046
2025-09-18,South,Gamma,21,1934.57,44,Cust_113
2025-09-18,East,Alpha,17,1952.94,45,Cust_146
2025-09-18,East,Beta,25,1153.49,65,Cust_160
2025-09-18,East,Gamma,25,2922.36,50,Cust_182
2025-09-18,West,Alpha,23,1908.71,47,Cust_047
2025-09-18,West,Beta,15,1725.76,47,Cust_177
2025-09-18,West,Gamma,17,1540.17,44,Cust_021
2025-09-19,North,Alpha,14,316.17,44,Cust_094
2025-09-19,North,Beta,25,2146.0,45,Cust_141
2025-09-19,North,Gamma,25,630.83,56,Cust_199
2025-09-19,South,Alpha,13,1079.72,55,Cust_057
2025-09-19,South,Beta,15,617.7,57,Cust_077
2025-09-19,South,Gamma,27,2525.75,38,Cust_194
2025-09-19,East,Alpha,16,841.77,44,Cust_070
2025-09-19,East,Beta,20,1829.12,51,Cust_030
2025-09-19,East,Gamma,20,1518.27,50,Cust_092
2025-09-19,West,Alpha,23,1572.54,45,Cust_031
2025-09-19,West,Beta,18,1718.88,67,Cust_086
2025-09-19,West,Gamma,21,1840.59,43,Cust_149
2025-09-20,North,Alpha,21,1302.52,51,Cust_014
2025-09-20,North,Beta,15,1762.15,58,Cust_157
2025-09-20,North,Gamma,18,1947.08,64,Cust_124
2025-09-20,South,Alpha,20,1079.39,55,Cust_077
2025-09-20,South,Beta,24,1203.99,48,Cust_094
2025-09-20,South,Gamma,18,412.42,49,Cust_087
2025-09-20,East,Alpha,18,1301.92,40,Cust_198
2025-09-20,East,Beta,15,1208.17,51,Cust_153
2025-09-20,East,Gamma,18,1665.84,40,Cust_106
2025-09-20,West,Alpha,17,927.62,55,Cust_036
2025-09-20,West,Beta,14,1014.54,53,Cust_128
2025-09-20,West,Gamma,21,1274.86,54,Cust_043
2025-09-21,North,Alpha,20,935.34,48,Cust_138
2025-09-21,North,Beta,19,1212.24,48,Cust_084
2025-09-21,North,Gamma,19,989.08,41,Cust_034
2025-09-21,South,Alpha,18,1058.51,57,Cust_068
2025-09-21,South,Beta,18,633.56,41,Cust_014
2025-09-21,South,Gamma,26,2679.65,51,Cust_152
2025-09-21,East,Alpha,26,1198.67,59,Cust_163
2025-09-21,East,Beta,17,367.41,47,Cust_171
2025-09-21,East,Gamma,16,1604.86,48,Cust_160
2025-09-21,West,Alpha,21,1809.91,47,Cust_130
2025-09-21,West,Beta,17,346.65,44,Cust_110
2025-09-21,West,Gamma,21,2316.87,39,Cust_150
2025-09-22,North,Alpha,16,340.12,42,Cust_007
2025-09-22,North,Beta,20,2173.68,60,Cust_125
2025-09-22,North,Gamma,21,1128.45,57,Cust_082
2025-09-22,South,Alpha,15,1363.2,49,Cust_058
2025-09-22,South,Beta,14,1486.58,54,Cust_015
2025-09-22,South,Gamma,14,1102.29,42,Cust_162
2025-09-22,East,Alpha,17,618.91,45,Cust_093
2025-09-22,East,Beta,21,1702.54,45,Cust_085
2025-09-22,East,Gamma,26,948.3,48,Cust_170
2025-09-22,West,Alpha,21,1314.86,51,Cust_188
2025-09-22,West,Beta,25,2564.72,46,Cust_001
2025-09-22,West,Gamma,23,1045.72,41,Cust_142
2025-09-23,North,Alpha,13,863.66,49,Cust_010
2025-09-23,North,Beta,25,949.14,39,Cust_020
2025-09-23,North,Gamma,24,611.31,51,Cust_131
2025-09-23,South,Alpha,23,1656.74,43,Cust_194
2025-09-23,South,Beta,20,2324.39,45,Cust_015
2025-09-23,South,Gamma,20,2208.23,42,Cust_123
2025-09-23,East,Alpha,22,1728.33,52,Cust_098
2025-09-23,East,Beta,15,973.28,52,Cust_090
2025-09-23,East,Gamma,19,1690.67,52,Cust_075
2025-09-23,West,Alpha,22,937.53,59,Cust_170
2025-09-23,West,Beta,20,1185.68,42,Cust_156
2025-09-23,West,Gamma,17,1585.83,46,Cust_059
2025-09-24,North,Alpha,19,743.1,56,Cust_105
2025-09-24,North,Beta,20,409.77,64,Cust_145
2025-09-24,North,Gamma,14,924.82,47,Cust_054
2025-09-24,South,Alpha,13,1302.0,51,Cust_019
2025-09-24,South,Beta,26,2503.4,56,Cust_145
2025-09-24,South,Gamma,24,2648.01,37,Cust_020
2025-09-24,East,Alpha,16,596.41,47,Cust_168
2025-09-24,East,Beta,26,2731.33,60,Cust_125
2025-09-24,East,Gamma,19,1706.33,53,Cust_077
2025-09-24,West,Alpha,20,506.92,49,Cust_028
2025-09-24,West,Beta,24,1224.08,54,Cust_096
2025-09-24,West,Gamma,17,589.93,57,Cust_043
2025-09-25,North,Alpha,19,1936.86,47,Cust_177
2025-09-25,North,Beta,20,2307.41,53,Cust_023
2025-09-25,North,Gamma,25,2151.17,49,Cust_046
2025-09-25,South,Alpha,21,2204.67,45,Cust_190
2025-09-25,South,Beta,20,2069.91,58,Cust_055
2025-09-25,South,Gamma,18,1803.97,47,Cust_054
2025-09-25,East,Alpha,28,2427.7,61,Cust_111
2025-09-25,East,Beta,16,947.2,47,Cust_120
2025-09-25,East,Gamma,18,360.43,44,Cust_131
2025-09-25,West,Alpha,21,464.22,44,Cust_146
2025-09-25,West,Beta,21,504.15,42,Cust_010
2025-09-25,West,Gamma,17,1112.16,59,Cust_149
2025-09-26,North,Alpha,19,666.16,63,Cust_116
2025-09-26,North,Beta,14,1441.2,46,Cust_009
2025-09-26,North,Gamma,20,2005.31,61,Cust_090
2025-09-26,South,Alpha,17,1417.45,49,Cust_072
2025-09-26,South,Beta,20,765.85,47,Cust_068
2025-09-26,South,Gamma,34,3419.07,59,Cust_103
2025-09-26,East,Alpha,18,1138.98,50,Cust_152
2025-09-26,East,Beta,21,1014.3,50,Cust_065
2025-09-26,East,Gamma,14,1109.48,58,Cust_038
2025-09-26,West,Alpha,17,1468.97,55,Cust_067
2025-09-26,West,Beta,19,1362.52,61,Cust_137
2025-09-26,West,Gamma,14,968.61,56,Cust_161
2025-09-27,North,Alpha,12,629.41,65,Cust_090
2025-09-27,North,Beta,21,2024.32,55,Cust_035
2025-09-27,North,Gamma,14,650.74,63,Cust_120
2025-09-27,South,Alpha,26,720.58,46,Cust_156
2025-09-27,South,Beta,17,1221.15,49,Cust_101
2025-09-27,South,Gamma,23,2448.45,50,Cust_123
2025-09-27,East,Alpha,22,2103.71,45,Cust_043
2025-09-27,East,Beta,26,2469.29,39,Cust_156
2025-09-27,East,Gamma,22,1315.1,41,Cust_196
2025-09-27,West,Alpha,21,1474.06,52,Cust_089
2025-09-27,West,Beta,17,1131.36,45,Cust_175
2025-09-27,West,Gamma,14,437.65,63,Cust_119
2025-09-28,North,Alpha,19,1178.63,59,Cust_006
2025-09-28,North,Beta,14,1072.05,44,Cust_109
2025-09-28,North,Gamma,33,3492.95,51,Cust_018
2025-09-28,South,Alpha,21,2025.75,45,Cust_156
2025-09-28,South,Beta,20,2137.6,53,Cust_024
2025-09-28,South,Gamma,24,1919.73,54,Cust_091
2025-09-28,East,Alpha,20,738.25,46,Cust_050
2025-09-28,East,Beta,28,1665.85,56,Cust_129
2025-09-28,East,Gamma,22,2212.96,38,Cust_114
2025-09-28,West,Alpha,19,2081.72,40,Cust_064
2025-09-28,West,Beta,26,765.85,56,Cust_038
2025-09-28,West,Gamma,10,1081.0,50,Cust_057
2025-09-29,North,Alpha,21,2411.69,58,Cust_134
2025-09-29,North,Beta,13,468.93,50,Cust_002
2025-09-29,North,Gamma,24,1183.02,47,Cust_188
2025-09-29,South,Alpha,27,1343.44,56,Cust_046
2025-09-29,South,Beta,19,881.62,40,Cust_145
2025-09-29,South,Gamma,21,856.47,57,Cust_061
2025-09-29,East,Alpha,23,1779.03,64,Cust_046
2025-09-29,East,Beta,28,3249.59,41,Cust_182
2025-09-29,East,Gamma,23,1638.93,45,Cust_150
2025-09-29,West,Alpha,22,1664.7,53,Cust_080
2025-09-29,West,Beta,21,2016.98,43,Cust_156
2025-09-29,West,Gamma,19,1994.24,50,Cust_189
2025-09-30,North,Alpha,25,764.25,54,Cust_072
2025-09-30,North,Beta,13,417.25,38,Cust_141
2025-09-30,North,Gamma,21,1325.06,51,Cust_031
2025-09-30,South,Alpha,17,1444.77,51,Cust_107
2025-09-30,South,Beta,25,545.95,54,Cust_081
2025-09-30,South,Gamma,23,1390.39,47,Cust_164
2025-09-30,East,Alpha,20,542.36,38,Cust_045
2025-09-30,East,Beta,16,1096.41,51,Cust_113
2025-09-30,East,Gamma,15,885.56,48,Cust_004
2025-09-30,West,Alpha,20,510.22,60,Cust_129
2025-09-30,West,Beta,19,779.71,43,Cust_161
2025-09-30,West,Gamma,24,2288.66,58,Cust_196
2025-10-01,North,Alpha,22,1620.1,49,Cust_088
2025-10-01,North,Beta,20,981.44,58,Cust_123
2025-10-01,North,Gamma,18,1050.36,58,Cust_102
2025-10-01,South,Alpha,23,1233.17,46,Cust_112
2025-10-01,South,Beta,19,1648.09,49,Cust_162
2025-10-01,South,Gamma,23,2107.84,59,Cust_151
2025-10-01,East,Alpha,21,584.51,43,Cust_180
2025-10-01,East,Beta,17,722.91,54,Cust_161
2025-10-01,East,Gamma,28,3347.35,52,Cust_042
2025-10-01,West,Alpha,16,410.21,47,Cust_179
2025-10-01,West,Beta,24,1137.7,58,Cust_112
2025-10-01,West,Gamma,12,509.5,50,Cust_085
2025-10-02,North,Alpha,24,1451.17,48,Cust_002
2025-10-02,North,Beta,24,2276.18,68,Cust_089
2025-10-02,North,Gamma,19,1263.22,53,Cust_155
2025-10-02,South,Alpha,20,2021.21,55,Cust_071
2025-10-02,South,Beta,23,2516.43,62,Cust_166
2025-10-02,South,Gamma,23,2648.21,52,Cust_080
2025-10-02,East,Alpha,21,2344.95,54,Cust_149
2025-10-02,East,Beta,23,2083.02,50,Cust_146
2025-10-02,East,Gamma,25,1610.88,65,Cust_080
2025-10-02,West,Alpha,27,3213.6,43,Cust_025
2025-10-02,West,Beta,23,864.89,56,Cust_111
2025-10-02,West,Gamma,17,659.44,53,Cust_135
2025-10-03,North,Alpha,21,2285.24,58,Cust_144
2025-10-03,North,Beta,19,1794.4,59,Cust_169
2025-10-03,North,Gamma,23,2026.42,47,Cust_178
2025-10-03,South,Alpha,14,337.33,50,Cust_197
2025-10-03,South,Beta,22,1158.57,53,Cust_054
2025-10-03,South,Gamma,10,412.89,56,Cust_118
2025-10-03,East,Alpha,16,1266.89,37,Cust_086
2025-10-03,East,Beta,21,2116.67,43,Cust_095
2025-10-03,East,Gamma,20,476.72,52,Cust_081
2025-10-03,West,Alpha,17,393.46,55,Cust_037
2025-10-03,West,Beta,18,1370.44,60,Cust_120
2025-10-03,West,Gamma,20,1445.46,45,Cust_131
2025-10-04,North,Alpha,15,1133.29,55,Cust_082
2025-10-04,North,Beta,23,1164.35,58,Cust_121
2025-10-04,North,Gamma,21,1390.04,45,Cust_005
2025-10-04,South,Alpha,23,1277.17,34,Cust_175
2025-10-04,South,Beta,18,863.04,52,Cust_023
2025-10-04,South,Gamma,27,799.54,48,Cust_107
2025-10-04,East,Alpha,24,2783.03,48,Cust_095
2025-10-04,East,Beta,16,445.92,52,Cust_120
2025-10-04,East,Gamma,19,406.09,62,Cust_076
2025-10-04,West,Alpha,23,1438.32,44,Cust_089
2025-10-04,West,Beta,15,431.58,48,Cust_057
2025-10-04,West,Gamma,22,1473.95,59,Cust_005
2025-10-05,North,Alpha,18,973.89,50,Cust_072
2025-10-05,North,Beta,17,827.59,45,Cust_046
2025-10-05,North,Gamma,28,2187.99,51,Cust_004
2025-10-05,South,Alpha,16,1689.32,54,Cust_144
2025-10-05,South,Beta,24,2089.3,46,Cust_159
2025-10-05,South,Gamma,16,676.94,35,Cust_056
2025-10-05,East,Alpha,18,1483.87,53,Cust_191
2025-10-05,East,Beta,18,1101.33,55,Cust_094
2025-10-05,East,Gamma,28,1783.21,48,Cust_084
2025-10-05,West,Alpha,19,2045.46,42,Cust_086
2025-10-05,West,Beta,23,2458.93,51,Cust_163
2025-10-05,West,Gamma,14,1459.44,44,Cust_146
2025-10-06,North,Alpha,14,704.51,54,Cust_040
2025-10-06,North,Beta,20,1541.98,48,Cust_107
2025-10-06,North,Gamma,19,407.58,51,Cust_032
2025-10-06,South,Alpha,15,1776.66,46,Cust_064
2025-10-06,South,Beta,27,2007.71,53,Cust_004
2025-10-06,South,Gamma,18,1704.01,39,Cust_031
2025-10-06,East,Alpha,20,1167.58,65,Cust_062
2025-10-06,East,Beta,15,1502.46,49,Cust_028
2025-10-06,East,Gamma,19,1155.13,46,Cust_077
2025-10-06,West,Alpha,20,1019.12,45,Cust_092
2025-10-06,West,Beta,20,1225.82,51,Cust_001
2025-10-06,West,Gamma,21,1358.22,49,Cust_102
2025-10-07,North,Alpha,22,832.59,45,Cust_155
2025-10-07,North,Beta,22,648.9,55,Cust_120
2025-10-07,North,Gamma,14,1677.51,60,Cust_010
2025-10-07,South,Alpha,22,759.23,53,Cust_147
2025-10-07,South,Beta,11,282.85,60,Cust_194
2025-10-07,South,Gamma,16,1258.34,61,Cust_055
2025-10-07,East,Alpha,17,1054.57,53,Cust_122
2025-10-07,East,Beta,20,2243.45,56,Cust_182
2025-10-07,East,Gamma,16,1421.27,44,Cust_138
2025-10-07,West,Alpha,17,846.05,53,Cust_158
2025-10-07,West,Beta,16,823.75,40,Cust_080
2025-10-07,West,Gamma,17,1539.02,55,Cust_139
2025-10-08,North,Alpha,21,2008.73,45,Cust_155
2025-10-08,North,Beta,11,1147.34,48,Cust_128
2025-10-08,North,Gamma,24,1962.54,49,Cust_023
2025-10-08,South,Alpha,19,1151.56,58,Cust_071
2025-10-08,South,Beta,24,2021.3,44,Cust_191
2025-10-08,South,Gamma,25,1172.63,57,Cust_007
2025-10-08,East,Alpha,19,1724.29,41,Cust_025
2025-10-08,East,Beta,22,1228.4,43,Cust_086
2025-10-08,East,Gamma,21,959.95,66,Cust_184
2025-10-08,West,Alpha,18,1387.2,49,Cust_026
2025-10-08,West,Beta,12,579.0,51,Cust_010
2025-10-08,West,Gamma,18,924.81,41,Cust_036
2025-10-09,North,Alpha,27,1972.28,48,Cust_080
2025-10-09,North,Beta,19,2234.55,51,Cust_052
2025-10-09,North,Gamma,19,595.58,44,Cust_076
2025-10-09,South,Alpha,18,1802.11,52,Cust_066
2025-10-09,South,Beta,22,715.97,56,Cust_110
2025-10-09,South,Gamma,19,1769.1,44,Cust_153
2025-10-09,East,Alpha,13,1350.55,51,Cust_190
2025-10-09,East,Beta,18,474.36,48,Cust_150
2025-10-09,East,Gamma,19,1169.44,48,Cust_062
2025-10-09,West,Alpha,30,1511.17,62,Cust_089
2025-10-09,West,Beta,16,634.81,60,Cust_179
2025-10-09,West,Gamma,15,877.44,48,Cust_181
2025-10-10,North,Alpha,20,1843.95,64,Cust_054
2025-10-10,North,Beta,19,1930.46,57,Cust_055
2025-10-10,North,Gamma,14,1495.62,45,Cust_093
2025-10-10,South,Alpha,14,1590.58,50,Cust_060
2025-10-10,South,Beta,14,448.35,44,Cust_157
2025-10-10,South,Gamma,23,2032.26,40,Cust_090
2025-10-10,East,Alpha,16,413.66,46,Cust_007
2025-10-10,East,Beta,24,1818.74,47,Cust_112
2025-10-10,East,Gamma,24,1078.09,47,Cust_025
2025-10-10,West,Alpha,18,1420.8,50,Cust_149
2025-10-10,West,Beta,20,622.07,49,Cust_069
2025-10-10,West,Gamma,13,266.91,46,Cust_066
2025-10-11,North,Alpha,19,1651.88,44,Cust_191
2025-10-11,North,Beta,18,1805.41,55,Cust_164
2025-10-11,North,Gamma,19,858.45,57,Cust_159
2025-10-11,South,Alpha,20,469.48,46,Cust_148
2025-10-11,South,Beta,20,525.44,57,Cust_029
2025-10-11,South,Gamma,21,1978.62,50,Cust_137
2025-10-11,East,Alpha,21,894.1,57,Cust_125
2025-10-11,East,Beta,19,521.57,54,Cust_069
2025-10-11,East,Gamma,20,2060.39,43,Cust_106
2025-10-11,West,Alpha,17,705.25,32,Cust_038
2025-10-11,West,Beta,24,2846.21,53,Cust_067
2025-10-11,West,Gamma,19,2027.19,55,Cust_091
2025-10-12,North,Alpha,13,703.42,51,Cust_117
2025-10-12,North,Beta,25,2757.74,59,Cust_062
2025-10-12,North,Gamma,15,490.07,51,Cust_004
2025-10-12,South,Alpha,29,1921.6,56,Cust_172
2025-10-12,South,Beta,14,297.4,60,Cust_134
2025-10-12,South,Gamma,22,548.4,59,Cust_012
2025-10-12,East,Alpha,25,2730.38,49,Cust_192
2025-10-12,East,Beta,25,525.86,53,Cust_092
2025-10-12,East,Gamma,19,1554.86,40,Cust_052
2025-10-12,West,Alpha,23,1697.72,49,Cust_139
2025-10-12,West,Beta,16,997.5,50,Cust_115
2025-10-12,West,Gamma,21,1896.5,45,Cust_135
2025-10-13,North,Alpha,23,608.43,52,Cust_152
2025-10-13,North,Beta,24,1240.8,58,Cust_014
2025-10-13,North,Gamma,19,387.07,44,Cust_038
2025-10-13,South,Alpha,20,2394.26,56,Cust_090
2025-10-13,South,Beta,21,734.71,51,Cust_096
2025-10-13,South,Gamma,27,2654.96,45,Cust_077
2025-10-13,East,Alpha,17,678.44,52,Cust_168
2025-10-13,East,Beta,20,783.67,46,Cust_062
2025-10-13,East,Gamma,23,1708.73,45,Cust_174
2025-10-13,West,Alpha,16,1754.36,53,Cust_141
2025-10-13,West,Beta,29,2444.22,61,Cust_014
2025-10-13,West,Gamma,19,940.37,45,Cust_045
2025-10-14,North,Alpha,27,2368.19,50,Cust_047
2025-10-14,North,Beta,18,558.74,48,Cust_091
2025-10-14,North,Gamma,24,1713.3,44,Cust_116
2025-10-14,South,Alpha,17,1065.13,41,Cust_003
2025-10-14,South,Beta,19,913.21,73,Cust_187
2025-10-14,South,Gamma,24,1344.39,60,Cust_071
2025-10-14,East,Alpha,23,1040.07,49,Cust_179
2025-10-14,East,Beta,20,1722.72,40,Cust_008
2025-10-14,East,Gamma,19,1672.09,53,Cust_163
2025-10-14,West,Alpha,21,1556.8,46,Cust_068
2025-10-14,West,Beta,22,720.67,59,Cust_036
2025-10-14,West,Gamma,20,1147.3,48,Cust_143
2025-10-15,North,Alpha,31,824.27,51,Cust_196
2025-10-15,North,Beta,20,2238.08,61,Cust_080
2025-10-15,North,Gamma,19,757.44,45,Cust_108
2025-10-15,South,Alpha,18,845.95,44,Cust_063
2025-10-15,South,Beta,14,1396.56,51,Cust_156
2025-10-15,South,Gamma,27,2005.67,51,Cust_118
2025-10-15,East,Alpha,19,1324.47,60,Cust_150
2025-10-15,East,Beta,23,1932.58,60,Cust_053
2025-10-15,East,Gamma,19,2095.47,48,Cust_154
2025-10-15,West,Alpha,13,469.43,50,Cust_052
2025-10-15,West,Beta,18,1134.89,49,Cust_161
2025-10-15,West,Gamma,25,2867.6,50,Cust_090
2025-10-16,North,Alpha,25,1188.62,45,Cust_098
2025-10-16,North,Beta,21,1787.47,50,Cust_025
2025-10-16,North,Gamma,19,766.72,42,Cust_035
2025-10-16,South,Alpha,35,3845.85,53,Cust_028
2025-10-16,South,Beta,16,1193.44,30,Cust_031
2025-10-16,South,Gamma,14,1027.22,41,Cust_077
2025-10-16,East,Alpha,19,1171.53,53,Cust_039
2025-10-16,East,Beta,15,1287.43,45,Cust_074
2025-10-16,East,Gamma,19,1044.72,53,Cust_108
2025-10-16,West,Alpha,20,1406.44,37,Cust_108
2025-10-16,West,Beta,17,1065.21,60,Cust_033
2025-10-16,West,Gamma,22,2038.68,53,Cust_152
2025-10-17,North,Alpha,18,676.96,55,Cust_192
2025-10-17,North,Beta,20,641.56,48,Cust_035
2025-10-17,North,Gamma,19,482.47,50,Cust_052
2025-10-17,South,Alpha,24,2715.76,54,Cust_192
2025-10-17,South,Beta,16,1852.54,59,Cust_120
2025-10-17,South,Gamma,23,2154.3,40,Cust_159
2025-10-17,East,Alpha,27,2711.09,57,Cust_046
2025-10-17,East,Beta,20,2092.87,50,Cust_192
2025-10-17,East,Gamma,30,3521.08,44,Cust_172
2025-10-17,West,Alpha,18,935.14,42,Cust_047
2025-10-17,West,Beta,20,1864.48,38,Cust_005
2025-10-17,West,Gamma,32,2648.18,47,Cust_120
2025-10-18,North,Alpha,14,457.16,49,Cust_006
2025-10-18,North,Beta,19,456.97,40,Cust_080
2025-10-18,North,Gamma,13,1066.38,45,Cust_111
2025-10-18,South,Alpha,18,976.08,41,Cust_054
2025-10-18,South,Beta,14,819.59,51,Cust_053
2025-10-18,South,Gamma,18,1656.75,50,Cust_103
2025-10-18,East,Alpha,17,1697.06,56,Cust_141
2025-10-18,East,Beta,25,2690.73,63,Cust_121
2025-10-18,East,Gamma,22,1596.27,50,Cust_088
2025-10-18,West,Alpha,20,828.54,36,Cust_094
2025-10-18,West,Beta,20,2122.02,52,Cust_014
2025-10-18,West,Gamma,25,1630.11,54,Cust_077
2025-10-19,North,Alpha,16,1786.89,51,Cust_047
2025-10-19,North,Beta,18,1413.22,49,Cust_190
2025-10-19,North,Gamma,21,435.27,36,Cust_004
2025-10-19,South,Alpha,13,1341.32,46,Cust_087
2025-10-19,South,Beta,20,716.25,47,Cust_178
2025-10-19,South,Gamma,21,1759.81,53,Cust_026
2025-10-19,East,Alpha,19,432.91,57,Cust_095
2025-10-19,East,Beta,21,652.02,53,Cust_171
2025-10-19,East,Gamma,21,764.79,48,Cust_134
2025-10-19,West,Alpha,22,1855.81,48,Cust_188
2025-10-19,West,Beta,14,1414.18,45,Cust_133
2025-10-19,West,Gamma,28,2175.49,45,Cust_024
2025-10-20,North,Alpha,26,1981.15,43,Cust_015
2025-10-20,North,Beta,20,423.29,51,Cust_137
2025-10-20,North,Gamma,23,613.53,40,Cust_065
2025-10-20,South,Alpha,18,662.82,54,Cust_077
2025-10-20,South,Beta,22,2100.72,53,Cust_011
2025-10-20,South,Gamma,21,1894.09,58,Cust_117
2025-10-20,East,Alpha,21,847.81,47,Cust_016
2025-10-20,East,Beta,24,1830.75,34,Cust_061
2025-10-20,East,Gamma,21,1264.85,42,Cust_161
2025-10-20,West,Alpha,17,482.63,35,Cust_155
2025-10-20,West,Beta,24,1916.73,45,Cust_147
2025-10-20,West,Gamma,26,1314.5,50,Cust_196
2025-10-21,North,Alpha,24,780.19,32,Cust_154
2025-10-21,North,Beta,18,1177.69,55,Cust_081
2025-10-21,North,Gamma,23,2724.68,41,Cust_018
2025-10-21,South,Alpha,16,368.03,48,Cust_100
2025-10-21,South,Beta,17,1767.6,47,Cust_151
2025-10-21,South,Gamma,16,1796.0,48,Cust_070
2025-10-21,East,Alpha,16,368.79,41,Cust_157
2025-10-21,East,Beta,19,1083.0,55,Cust_151
2025-10-21,East,Gamma,23,2287.77,55,Cust_133
2025-10-21,West,Alpha,22,2205.41,30,Cust_138
2025-10-21,West,Beta,23,2465.84,45,Cust_151
2025-10-21,West,Gamma,20,1445.39,42,Cust_151
2025-10-22,North,Alpha,14,482.59,57,Cust_109
2025-10-22,North,Beta,17,1704.7,44,Cust_155
2025-10-22,North,Gamma,20,2371.98,60,Cust_113
2025-10-22,South,Alpha,21,2392.13,44,Cust_188
2025-10-22,South,Beta,20,1953.21,51,Cust_048
2025-10-22,South,Gamma,20,1209.82,50,Cust_131
2025-10-22,East,Alpha,19,499.65,58,Cust_170
2025-10-22,East,Beta,20,1392.15,42,Cust_170
2025-10-22,East,Gamma,16,704.11,51,Cust_019
2025-10-22,West,Alpha,18,1253.79,45,Cust_072
2025-10-22,West,Beta,17,800.55,59,Cust_017
2025-10-22,West,Gamma,17,734.16,57,Cust_176
2025-10-23,North,Alpha,10,367.3,42,Cust_137
2025-10-23,North,Beta,23,460.12,61,Cust_180
2025-10-23,North,Gamma,25,1015.06,58,Cust_176
2025-10-23,South,Alpha,22,2520.39,49,Cust_112
2025-10-23,South,Beta,20,723.93,47,Cust_010
2025-10-23,South,Gamma,29,1746.87,51,Cust_168
2025-10-23,East,Alpha,24,1758.51,48,Cust_164
2025-10-23,East,Beta,19,1109.5,55,Cust_003
2025-10-23,East,Gamma,24,613.61,57,Cust_020
2025-10-23,West,Alpha,13,1156.95,46,Cust_035
2025-10-23,West,Beta,20,873.96,49,Cust_037
2025-10-23,West,Gamma,16,387.74,53,Cust_124
2025-10-24,North,Alpha,16,1531.84,45,Cust_015
2025-10-24,North,Beta,19,719.46,56,Cust_176
2025-10-24,North,Gamma,17,831.6,46,Cust_127
2025-10-24,South,Alpha,16,1616.83,60,Cust_101
2025-10-24,South,Beta,23,2406.53,55,Cust_044
2025-10-24,South,Gamma,19,1890.91,51,Cust_185
2025-10-24,East,Alpha,22,1630.56,38,Cust_161
2025-10-24,East,Beta,20,1410.33,55,Cust_026
2025-10-24,East,Gamma,20,1194.48,45,Cust_096
2025-10-24,West,Alpha,23,1737.11,39,Cust_081
2025-10-24,West,Beta,30,1349.63,52,Cust_005
2025-10-24,West,Gamma,19,2170.37,56,Cust_142
2025-10-25,North,Alpha,27,1558.2,61,Cust_128
2025-10-25,North,Beta,18,1498.82,49,Cust_187
2025-10-25,North,Gamma,25,645.74,59,Cust_144
2025-10-25,South,Alpha,19,813.98,57,Cust_053
2025-10-25,South,Beta,15,1330.15,50,Cust_038
2025-10-25,South,Gamma,23,619.61,44,Cust_176
2025-10-25,East,Alpha,22,615.68,56,Cust_140
2025-10-25,East,Beta,23,2475.52,46,Cust_155
2025-10-25,East,Gamma,21,2266.13,57,Cust_199
2025-10-25,West,Alpha,12,1103.63,39,Cust_103
2025-10-25,West,Beta,19,422.88,54,Cust_156
2025-10-25,West,Gamma,17,1354.27,38,Cust_020
2025-10-26,North,Alpha,24,1602.73,37,Cust_016
2025-10-26,North,Beta,21,2486.81,53,Cust_020
2025-10-26,North,Gamma,15,735.96,46,Cust_037
2025-10-26,South,Alpha,23,801.95,49,Cust_191
2025-10-26,South,Beta,16,1081.45,55,Cust_180
2025-10-26,South,Gamma,17,943.49,37,Cust_031
2025-10-26,East,Alpha,26,1408.45,54,Cust_193
2025-10-26,East,Beta,19,871.5,55,Cust_069
2025-10-26,East,Gamma,20,1330.07,54,Cust_188
2025-10-26,West,Alpha,17,530.81,45,Cust_048
2025-10-26,West,Beta,27,555.2,43,Cust_040
2025-10-26,West,Gamma,22,2002.93,42,Cust_197
2025-10-27,North,Alpha,21,575.63,49,Cust_082
2025-10-27,North,Beta,15,359.11,52,Cust_171
2025-10-27,North,Gamma,20,1796.43,53,Cust_010
2025-10-27,South,Alpha,22,918.38,45,Cust_047
2025-10-27,South,Beta,29,796.76,49,Cust_156
2025-10-27,South,Gamma,15,1394.14,69,Cust_157
2025-10-27,East,Alpha,25,1602.14,53,Cust_048
2025-10-27,East,Beta,21,1146.49,47,Cust_188
2025-10-27,East,Gamma,13,303.47,49,Cust_047
2025-10-27,West,Alpha,23,1172.95,63,Cust_097
2025-10-27,West,Beta,13,1166.22,52,Cust_008
2025-10-27,West,Gamma,21,1808.59,54,Cust_154
2025-10-28,North,Alpha,26,2664.28,48,Cust_002
2025-10-28,North,Beta,16,883.9,55,Cust_030
2025-10-28,North,Gamma,10,474.26,51,Cust_018
2025-10-28,South,Alpha,19,1350.4,49,Cust_109
2025-10-28,South,Beta,20,1877.98,48,Cust_110
2025-10-28,South,Gamma,27,688.6,43,Cust_196
2025-10-28,East,Alpha,24,585.37,53,Cust_050
2025-10-28,East,Beta,15,1001.32,48,Cust_027
2025-10-28,East,Gamma,23,1476.96,37,Cust_013
2025-10-28,West,Alpha,18,1805.34,48,Cust_068
2025-10-28,West,Beta,18,1611.64,39,Cust_087
2025-10-28,West,Gamma,17,1901.04,52,Cust_163
2025-10-29,North,Alpha,20,1043.32,41,Cust_149
2025-10-29,North,Beta,19,2255.62,46,Cust_097
2025-10-29,North,Gamma,15,637.33,50,Cust_181
2025-10-29,South,Alpha,15,1525.89,51,Cust_131
2025-10-29,South,Beta,9,850.14,34,Cust_060
2025-10-29,South,Gamma,18,1287.15,54,Cust_021
2025-10-29,East,Alpha,19,1355.15,52,Cust_095
2025-10-29,East,Beta,20,1026.05,57,Cust_175
2025-10-29,East,Gamma,18,2100.98,49,Cust_050
2025-10-29,West,Alpha,24,2640.56,50,Cust_001
2025-10-29,West,Beta,16,1600.09,47,Cust_046
2025-10-29,West,Gamma,20,835.81,53,Cust_186
2025-10-30,North,Alpha,20,830.17,45,Cust_139
2025-10-30,North,Beta,24,1724.73,56,Cust_197
2025-10-30,North,Gamma,16,521.06,41,Cust_192
2025-10-30,South,Alpha,24,1931.07,54,Cust_131
2025-10-30,South,Beta,22,512.55,58,Cust_080
2025-10-30,South,Gamma,22,1914.7,58,Cust_130
2025-10-30,East,Alpha,20,843.29,45,Cust_001
2025-10-30,East,Beta,12,1367.11,53,Cust_075
2025-10-30,East,Gamma,16,1537.43,56,Cust_057
2025-10-30,West,Alpha,15,1100.09,50,Cust_124
2025-10-30,West,Beta,19,1073.96,48,Cust_109
2025-10-30,West,Gamma,10,858.87,53,Cust_001
2025-10-31,North,Alpha,20,929.09,50,Cust_001
2025-10-31,North,Beta,28,940.33,44,Cust_152
2025-10-31,North,Gamma,14,1063.84,57,Cust_141
2025-10-31,South,Alpha,14,632.59,54,Cust_067
2025-10-31,South,Beta,20,1697.29,51,Cust_193
2025-10-31,South,Gamma,22,2409.91,40,Cust_065
2025-10-31,East,Alpha,24,764.03,48,Cust_063
2025-10-31,East,Beta,14,1467.16,47,Cust_071
2025-10-31,East,Gamma,27,2526.94,59,Cust_127
2025-10-31,West,Alpha,18,1888.26,50,Cust_126
2025-10-31,West,Beta,23,1230.71,56,Cust_057
2025-10-31,West,Gamma,17,1358.47,38,Cust_186
2025-11-01,North,Alpha,24,1858.98,57,Cust_069
2025-11-01,North,Beta,16,911.91,45,Cust_048
2025-11-01,North,Gamma,17,483.26,57,Cust_080
2025-11-01,South,Alpha,21,2230.64,55,Cust_051
2025-11-01,South,Beta,19,1032.71,53,Cust_056
2025-11-01,South,Gamma,24,839.61,47,Cust_048
2025-11-01,East,Alpha,17,1368.4,52,Cust_016
2025-11-01,East,Beta,25,1068.62,40,Cust_045
2025-11-01,East,Gamma,22,615.42,58,Cust_148
2025-11-01,West,Alpha,16,751.67,50,Cust_111
2025-11-01,West,Beta,28,1550.06,57,Cust_075
2025-11-01,West,Gamma,23,1993.88,44,Cust_177
2025-11-02,North,Alpha,23,868.42,46,Cust_171
2025-11-02,North,Beta,23,1541.22,48,Cust_127
2025-11-02,North,Gamma,22,1767.32,46,Cust_147
2025-11-02,South,Alpha,21,1426.35,54,Cust_103
2025-11-02,South,Beta,19,1275.11,57,Cust_014
2025-11-02,South,Gamma,19,1089.92,46,Cust_014
2025-11-02,East,Alpha,18,1733.34,54,Cust_046
2025-11-02,East,Beta,18,385.34,39,Cust_154
2025-11-02,East,Gamma,21,492.01,54,Cust_150
2025-11-02,West,Alpha,17,1998.47,52,Cust_026
2025-11-02,West,Beta,18,884.73,51,Cust_189
2025-11-02,West,Gamma,17,1137.79,40,Cust_039
2025-11-03,North,Alpha,25,2759.42,48,Cust_034
2025-11-03,North,Beta,18,1838.16,62,Cust_146
2025-11-03,North,Gamma,16,1366.13,54,Cust_066
2025-11-03,South,Alpha,13,427.71,50,Cust_007
2025-11-03,South,Beta,21,1797.17,50,Cust_134
2025-11-03,South,Gamma,23,2201.78,44,Cust_180
2025-11-03,East,Alpha,18,2121.44,45,Cust_081
2025-11-03,East,Beta,20,1377.56,48,Cust_148
2025-11-03,East,Gamma,16,1139.04,46,Cust_081
2025-11-03,West,Alpha,21,470.9,53,Cust_018
2025-11-03,West,Beta,31,3690.16,54,Cust_107
2025-11-03,West,Gamma,20,1601.48,44,Cust_100
2025-11-04,North,Alpha,14,1155.3,58,Cust_159
2025-11-04,North,Beta,21,1405.54,63,Cust_093
2025-11-04,North,Gamma,26,2717.21,50,Cust_053
2025-11-04,South,Alpha,17,1692.49,48,Cust_144
2025-11-04,South,Beta,19,1245.19,57,Cust_083
2025-11-04,South,Gamma,18,586.1,48,Cust_064
2025-11-04,East,Alpha,26,575.1,44,Cust_094
2025-11-04,East,Beta,15,1443.98,48,Cust_168
2025-11-04,East,Gamma,19,1403.31,46,Cust_047
2025-11-04,West,Alpha,26,874.21,53,Cust_008
2025-11-04,West,Beta,12,1132.35,44,Cust_043
2025-11-04,West,Gamma,15,782.19,42,Cust_139
2025-11-05,North,Alpha,22,1491.81,50,Cust_047
2025-11-05,North,Beta,14,1548.9,56,Cust_084
2025-11-05,North,Gamma,20,1757.89,45,Cust_029
2025-11-05,South,Alpha,20,1614.46,48,Cust_037
2025-11-05,South,Beta,21,1368.66,71,Cust_146
2025-11-05,South,Gamma,19,1073.42,45,Cust_107
2025-11-05,East,Alpha,17,1983.87,42,Cust_013
2025-11-05,East,Beta,22,2407.95,43,Cust_081
2025-11-05,East,Gamma,22,1911.98,48,Cust_190
2025-11-05,West,Alpha,25,2447.73,55,Cust_028
2025-11-05,West,Beta,20,2060.37,47,Cust_058
2025-11-05,West,Gamma,18,1852.07,40,Cust_069
2025-11-06,North,Alpha,22,1886.65,60,Cust_194
2025-11-06,North,Beta,21,947.07,55,Cust_195
2025-11-06,North,Gamma,18,1644.23,48,Cust_048
2025-11-06,South,Alpha,20,846.99,54,Cust_054
2025-11-06,South,Beta,24,1493.95,36,Cust_121
2025-11-06,South,Gamma,20,1824.13,52,Cust_130
2025-11-06,East,Alpha,8,893.66,45,Cust_058
2025-11-06,East,Beta,21,1900.07,61,Cust_088
2025-11-06,East,Gamma,16,1107.33,51,Cust_123
2025-11-06,West,Alpha,24,1241.65,53,Cust_040
2025-11-06,West,Beta,13,1404.17,59,Cust_038
2025-11-06,West,Gamma,19,1022.74,57,Cust_097
2025-11-07,North,Alpha,21,695.55,52,Cust_194
2025-11-07,North,Beta,20,1953.72,56,Cust_112
2025-11-07,North,Gamma,19,416.57,58,Cust_188
2025-11-07,South,Alpha,21,1463.99,57,Cust_074
2025-11-07,South,Beta,18,1121.99,53,Cust_038
2025-11-07,South,Gamma,17,672.63,73,Cust_023
2025-11-07,East,Alpha,21,791.19,59,Cust_109
2025-11-07,East,Beta,12,472.25,51,Cust_023
2025-11-07,East,Gamma,19,736.08,49,Cust_094
2025-11-07,West,Alpha,16,873.78,55,Cust_004
2025-11-07,West,Beta,25,707.32,53,Cust_162
2025-11-07,West,Gamma,22,1295.04,49,Cust_189
2025-11-08,North,Alpha,23,2421.86,55,Cust_120
2025-11-08,North,Beta,29,582.96,52,Cust_167
2025-11-08,North,Gamma,19,1083.61,50,Cust_073
2025-11-08,South,Alpha,15,378.13,49,Cust_046
2025-11-08,South,Beta,24,2193.4,49,Cust_156
2025-11-08,South,Gamma,23,1040.37,48,Cust_113
2025-11-08,East,Alpha,25,2842.78,53,Cust_042
2025-11-08,East,Beta,21,1057.99,50,Cust_150
2025-11-08,East,Gamma,17,403.33,46,Cust_055
2025-11-08,West,Alpha,22,996.93,57,Cust_173
2025-11-08,West,Beta,19,1318.84,52,Cust_156
2025-11-08,West,Gamma,13,1334.63,59,Cust_091
2025-11-09,North,Alpha,27,2560.67,35,Cust_188
2025-11-09,North,Beta,18,2087.23,52,Cust_140
2025-11-09,North,Gamma,21,2031.28,61,Cust_191
2025-11-09,South,Alpha,22,904.78,47,Cust_147
2025-11-09,South,Beta,21,1994.97,50,Cust_034
2025-11-09,South,Gamma,18,702.69,64,Cust_041
2025-11-09,East,Alpha,19,1501.57,53,Cust_038
2025-11-09,East,Beta,15,707.32,49,Cust_048
2025-11-09,East,Gamma,17,984.04,60,Cust_052
2025-11-09,West,Alpha,20,550.04,60,Cust_006
2025-11-09,West,Beta,21,1763.2,50,Cust_030
2025-11-09,West,Gamma,21,1415.23,43,Cust_126
2025-11-10,North,Alpha,18,2022.09,48,Cust_054
2025-11-10,North,Beta,20,680.13,47,Cust_052
2025-11-10,North,Gamma,19,2111.35,63,Cust_078
2025-11-10,South,Alpha,17,1874.72,58,Cust_064
2025-11-10,South,Beta,20,1634.58,48,Cust_002
2025-11-10,South,Gamma,19,1806.54,45,Cust_001
2025-11-10,East,Alpha,20,828.92,51,Cust_180
2025-11-10,East,Beta,15,711.97,55,Cust_122
2025-11-10,East,Gamma,19,644.46,54,Cust_073
2025-11-10,West,Alpha,16,610.41,59,Cust_167
2025-11-10,West,Beta,30,644.61,47,Cust_112
2025-11-10,West,Gamma,17,461.05,57,Cust_060
2025-11-11,North,Alpha,20,1141.42,43,Cust_001
2025-11-11,North,Beta,17,967.09,58,Cust_177
2025-11-11,North,Gamma,13,671.77,55,Cust_089
2025-11-11,South,Alpha,34,1649.45,43,Cust_032
2025-11-11,South,Beta,30,884.61,58,Cust_155
2025-11-11,South,Gamma,19,1584.6,47,Cust_124
2025-11-11,East,Alpha,26,2556.38,41,Cust_013
2025-11-11,East,Beta,15,643.48,50,Cust_083
2025-11-11,East,Gamma,15,692.24,55,Cust_157
2025-11-11,West,Alpha,17,392.03,45,Cust_085
2025-11-11,West,Beta,23,1398.08,54,Cust_147
2025-11-11,West,Gamma,17,539.92,65,Cust_118
2025-11-12,North,Alpha,24,2612.99,45,Cust_189
2025-11-12,North,Beta,23,925.68,68,Cust_131
2025-11-12,North,Gamma,17,1477.86,53,Cust_059
2025-11-12,South,Alpha,23,2269.3,47,Cust_129
2025-11-12,South,Beta,15,912.73,47,Cust_113
2025-11-12,South,Gamma,22,1596.51,65,Cust_098
2025-11-12,East,Alpha,11,551.05,51,Cust_139
2025-11-12,East,Beta,24,2479.7,54,Cust_117
2025-11-12,East,Gamma,16,1110.47,41,Cust_102
2025-11-12,West,Alpha,20,768.5,40,Cust_127
2025-11-12,West,Beta,14,637.6,51,Cust_015
2025-11-12,West,Gamma,20,1342.74,59,Cust_148
2025-11-13,North,Alpha,14,1225.07,50,Cust_005
2025-11-13,North,Beta,17,1544.84,41,Cust_192
2025-11-13,North,Gamma,19,600.43,54,Cust_146
2025-11-13,South,Alpha,24,1364.69,36,Cust_135
2025-11-13,South,Beta,17,856.99,49,Cust_198
2025-11-13,South,Gamma,32,2034.69,51,Cust_148
2025-11-13,East,Alpha,20,510.97,45,Cust_190
2025-11-13,East,Beta,16,1425.07,58,Cust_033
2025-11-13,East,Gamma,17,564.37,54,Cust_180
2025-11-13,West,Alpha,22,1345.92,49,Cust_101
2025-11-13,West,Beta,15,950.41,57,Cust_115
2025-11-13,West,Gamma,12,834.21,52,Cust_016
2025-11-14,North,Alpha,19,2134.1,57,Cust_100
2025-11-14,North,Beta,26,1063.11,56,Cust_007
2025-11-14,North,Gamma,11,1164.14,50,Cust_053
2025-11-14,South,Alpha,22,1144.02,47,Cust_050
2025-11-14,South,Beta,18,2127.03,47,Cust_153
2025-11-14,South,Gamma,15,1718.75,63,Cust_042
2025-11-14,East,Alpha,21,1081.62,50,Cust_127
2025-11-14,East,Beta,28,1045.97,62,Cust_028
2025-11-14,East,Gamma,15,1719.85,44,Cust_096
2025-11-14,West,Alpha,26,2351.14,44,Cust_021
2025-11-14,West,Beta,26,1299.7,43,Cust_155
2025-11-14,West,Gamma,21,2102.88,37,Cust_015
2025-11-15,North,Alpha,20,1118.89,63,Cust_083
2025-11-15,North,Beta,26,2905.55,51,Cust_191
2025-11-15,North,Gamma,22,1567.91,45,Cust_029
2025-11-15,South,Alpha,28,3228.45,54,Cust_116
2025-11-15,South,Beta,12,280.77,58,Cust_097
2025-11-15,South,Gamma,25,1182.29,55,Cust_142
2025-11-15,East,Alpha,21,2360.71,56,Cust_052
2025-11-15,East,Beta,17,1942.08,49,Cust_165
2025-11-15,East,Gamma,18,660.31,53,Cust_127
2025-11-15,West,Alpha,21,1306.81,44,Cust_145
2025-11-15,West,Beta,24,2547.0,57,Cust_153
2025-11-15,West,Gamma,12,509.37,51,Cust_172
2025-11-16,North,Alpha,18,900.41,51,Cust_009
2025-11-16,North,Beta,23,600.7,42,Cust_184
2025-11-16,North,Gamma,22,1302.46,61,Cust_156
2025-11-16,South,Alpha,24,2259.99,55,Cust_143
2025-11-16,South,Beta,20,1800.38,58,Cust_063
2025-11-16,South,Gamma,10,1169.32,46,Cust_131
2025-11-16,East,Alpha,20,2121.45,66,Cust_044
2025-11-16,East,Beta,20,1278.61,55,Cust_051
2025-11-16,East,Gamma,22,2395.55,53,Cust_076
2025-11-16,West,Alpha,19,1853.74,45,Cust_190
2025-11-16,West,Beta,29,1876.26,45,Cust_096
2025-11-16,West,Gamma,29,2817.31,49,Cust_022
2025-11-17,North,Alpha,15,950.32,44,Cust_197
2025-11-17,North,Beta,29,2501.9,54,Cust_015
2025-11-17,North,Gamma,27,1885.99,47,Cust_081
2025-11-17,South,Alpha,16,457.56,58,Cust_076
2025-11-17,South,Beta,21,2471.64,53,Cust_147
2025-11-17,South,Gamma,16,1230.51,47,Cust_111
2025-11-17,East,Alpha,20,1771.41,55,Cust_048
2025-11-17,East,Beta,11,427.54,51,Cust_005
2025-11-17,East,Gamma,20,854.3,48,Cust_086
2025-11-17,West,Alpha,19,607.8,42,Cust_181
2025-11-17,West,Beta,25,642.25,35,Cust_126
2025-11-17,West,Gamma,19,1142.74,48,Cust_173
2025-11-18,North,Alpha,25,2091.18,48,Cust_193
2025-11-18,North,Beta,13,502.77,50,Cust_011
2025-11-18,North,Gamma,21,460.57,50,Cust_038
2025-11-18,South,Alpha,20,1122.2,59,Cust_039
2025-11-18,South,Beta,18,404.78,47,Cust_069
2025-11-18,South,Gamma,21,946.87,52,Cust_077
2025-11-18,East,Alpha,16,743.19,41,Cust_172
2025-11-18,East,Beta,22,2346.93,49,Cust_156
2025-11-18,East,Gamma,17,1981.85,47,Cust_086
2025-11-18,West,Alpha,20,2106.29,45,Cust_137
2025-11-18,West,Beta,14,579.67,49,Cust_130
2025-11-18,West,Gamma,23,1109.44,46,Cust_191
2025-11-19,North,Alpha,20,1873.37,46,Cust_027
2025-11-19,North,Beta,29,2326.1,49,Cust_081
2025-11-19,North,Gamma,22,2125.47,37,Cust_129
2025-11-19,South,Alpha,23,1761.38,46,Cust_095
2025-11-19,South,Beta,25,2297.54,57,Cust_027
2025-11-19,South,Gamma,29,1094.2,59,Cust_049
2025-11-19,East,Alpha,32,2731.63,46,Cust_082
2025-11-19,East,Beta,13,590.05,41,Cust_038
2025-11-19,East,Gamma,11,368.75,45,Cust_163
2025-11-19,West,Alpha,19,758.77,48,Cust_018
2025-11-19,West,Beta,18,1436.65,49,Cust_066
2025-11-19,West,Gamma,22,2173.3,45,Cust_131
2025-11-20,North,Alpha,17,1841.33,58,Cust_143
2025-11-20,North,Beta,21,1640.32,50,Cust_190
2025-11-20,North,Gamma,24,2454.63,54,Cust_155
2025-11-20,South,Alpha,28,2682.0,51,Cust_010
2025-11-20,South,Beta,16,1431.66,38,Cust_189
2025-11-20,South,Gamma,22,1485.64,43,Cust_113
2025-11-20,East,Alpha,25,1739.6,63,Cust_037
2025-11-20,East,Beta,13,649.15,51,Cust_199
2025-11-20,East,Gamma,19,2017.37,42,Cust_039
2025-11-20,West,Alpha,20,1696.23,47,Cust_172
2025-11-20,West,Beta,16,1323.42,46,Cust_017
2025-11-20,West,Gamma,22,1859.07,58,Cust_116
2025-11-21,North,Alpha,19,727.06,52,Cust_102
2025-11-21,North,Beta,21,1297.4,45,Cust_056
2025-11-21,North,Gamma,15,815.15,48,Cust_029
2025-11-21,South,Alpha,23,2686.76,57,Cust_076
2025-11-21,South,Beta,32,997.24,49,Cust_107
2025-11-21,South,Gamma,18,1943.43,47,Cust_054
2025-11-21,East,Alpha,15,802.83,59,Cust_110
2025-11-21,East,Beta,22,750.33,54,Cust_045
2025-11-21,East,Gamma,20,1825.08,47,Cust_171
2025-11-21,West,Alpha,25,2224.92,72,Cust_008
2025-11-21,West,Beta,24,1018.48,47,Cust_167
2025-11-21,West,Gamma,21,2168.79,40,Cust_012
2025-11-22,North,Alpha,19,1347.5,65,Cust_113
2025-11-22,North,Beta,21,2188.14,49,Cust_137
2025-11-22,North,Gamma,21,2145.46,48,Cust_058
2025-11-22,South,Alpha,12,373.15,47,Cust_183
2025-11-22,South,Beta,13,618.9,49,Cust_039
2025-11-22,South,Gamma,21,1460.6,50,Cust_167
2025-11-22,East,Alpha,23,1986.66,48,Cust_036
2025-11-22,East,Beta,20,2322.93,46,Cust_069
2025-11-22,East,Gamma,20,830.14,53,Cust_104
2025-11-22,West,Alpha,17,1535.62,60,Cust_086
2025-11-22,West,Beta,14,1453.78,57,Cust_086
2025-11-22,West,Gamma,24,569.97,62,Cust_040
2025-11-23,North,Alpha,25,2477.96,52,Cust_138
2025-11-23,North,Beta,24,1302.94,48,Cust_075
2025-11-23,North,Gamma,23,2429.82,54,Cust_186
2025-11-23,South,Alpha,25,2318.23,45,Cust_103
2025-11-23,South,Beta,20,972.37,44,Cust_173
2025-11-23,South,Gamma,12,1307.63,52,Cust_010
2025-11-23,East,Alpha,19,1103.32,51,Cust_058
2025-11-23,East,Beta,24,1332.82,51,Cust_051
2025-11-23,East,Gamma,12,1300.98,48,Cust_187
2025-11-23,West,Alpha,22,920.19,42,Cust_009
2025-11-23,West,Beta,23,2329.68,40,Cust_137
2025-11-23,West,Gamma,18,863.27,51,Cust_026
2025-11-24,North,Alpha,26,957.04,40,Cust_027
2025-11-24,North,Beta,13,904.16,40,Cust_143
2025-11-24,North,Gamma,18,1429.94,37,Cust_034
2025-11-24,South,Alpha,26,2312.87,48,Cust_097
2025-11-24,South,Beta,22,1580.95,56,Cust_189
2025-11-24,South,Gamma,24,525.08,57,Cust_129
2025-11-24,East,Alpha,13,531.49,46,Cust_021
2025-11-24,East,Beta,24,2589.44,49,Cust_049
2025-11-24,East,Gamma,25,513.99,33,Cust_160
2025-11-24,West,Alpha,23,1447.44,56,Cust_193
2025-11-24,West,Beta,26,740.03,65,Cust_023
2025-11-24,West,Gamma,13,583.3,49,Cust_145
2025-11-25,North,Alpha,31,3095.33,69,Cust_136
2025-11-25,North,Beta,26,630.44,42,Cust_023
2025-11-25,North,Gamma,17,1555.26,55,Cust_152
2025-11-25,South,Alpha,23,1977.41,44,Cust_145
2025-11-25,South,Beta,22,1732.22,49,Cust_011
2025-11-25,South,Gamma,20,1190.15,42,Cust_174
2025-11-25,East,Alpha,14,352.44,43,Cust_008
2025-11-25,East,Beta,25,1357.17,56,Cust_061
2025-11-25,East,Gamma,28,1781.78,45,Cust_199
2025-11-25,West,Alpha,16,1058.89,55,Cust_197
2025-11-25,West,Beta,24,894.38,60,Cust_176
2025-11-25,West,Gamma,18,415.02,64,Cust_111
2025-11-26,North,Alpha,26,1985.02,40,Cust_070
2025-11-26,North,Beta,17,1747.49,54,Cust_161
2025-11-26,North,Gamma,24,675.07,48,Cust_172
2025-11-26,South,Alpha,24,2003.79,59,Cust_172
2025-11-26,South,Beta,14,1621.83,68,Cust_106
2025-11-26,South,Gamma,19,485.71,40,Cust_017
2025-11-26,East,Alpha,16,1088.99,51,Cust_024
2025-11-26,East,Beta,22,651.1,48,Cust_019
2025-11-26,East,Gamma,24,1511.72,52,Cust_048
2025-11-26,West,Alpha,21,661.07,34,Cust_034
2025-11-26,West,Beta,23,1191.65,42,Cust_141
2025-11-26,West,Gamma,26,574.66,49,Cust_035
2025-11-27,North,Alpha,23,2037.97,49,Cust_069
2025-11-27,North,Beta,24,704.24,50,Cust_032
2025-11-27,North,Gamma,15,1427.06,47,Cust_187
2025-11-27,South,Alpha,17,1567.15,50,Cust_091
2025-11-27,South,Beta,15,1183.67,61,Cust_172
2025-11-27,South,Gamma,26,1190.12,55,Cust_194
2025-11-27,East,Alpha,26,2708.0,49,Cust_069
2025-11-27,East,Beta,22,667.25,51,Cust_061
2025-11-27,East,Gamma,21,787.97,39,Cust_192
2025-11-27,West,Alpha,23,531.61,51,Cust_156
2025-11-27,West,Beta,22,973.13,56,Cust_121
2025-11-27,West,Gamma,20,630.58,63,Cust_154
2025-11-28,North,Alpha,25,2060.73,42,Cust_040
2025-11-28,North,Beta,23,2315.09,46,Cust_014
2025-11-28,North,Gamma,23,1490.15,46,Cust_129
2025-11-28,South,Alpha,31,771.35,45,Cust_030
2025-11-28,South,Beta,21,1729.37,47,Cust_171
2025-11-28,South,Gamma,22,678.01,53,Cust_190
2025-11-28,East,Alpha,20,1274.16,40,Cust_026
2025-11-28,East,Beta,16,520.61,43,Cust_171
2025-11-28,East,Gamma,26,1725.83,48,Cust_179
2025-11-28,West,Alpha,20,1847.97,53,Cust_077
2025-11-28,West,Beta,24,1981.42,34,Cust_002
2025-11-28,West,Gamma,24,647.21,49,Cust_045
2025-11-29,North,Alpha,17,573.0,58,Cust_147
2025-11-29,North,Beta,18,1979.91,34,Cust_018
2025-11-29,North,Gamma,24,2514.16,56,Cust_085
2025-11-29,South,Alpha,16,1524.69,48,Cust_118
2025-11-29,South,Beta,17,602.25,46,Cust_062
2025-11-29,South,Gamma,21,854.5,57,Cust_185
2025-11-29,East,Alpha,17,533.89,47,Cust_138
2025-11-29,East,Beta,24,722.12,52,Cust_058
2025-11-29,East,Gamma,15,1272.75,27,Cust_017
2025-11-29,West,Alpha,23,1433.67,62,Cust_027
2025-11-29,West,Beta,16,1151.09,56,Cust_010
2025-11-29,West,Gamma,18,1345.03,44,Cust_013
2025-11-30,North,Alpha,18,1163.88,45,Cust_103
2025-11-30,North,Beta,26,3088.75,53,Cust_127
2025-11-30,North,Gamma,20,1507.29,58,Cust_181
2025-11-30,South,Alpha,19,1736.83,54,Cust_180
2025-11-30,South,Beta,15,380.0,50,Cust_136
2025-11-30,South,Gamma,20,1717.25,60,Cust_113
2025-11-30,East,Alpha,22,2621.52,49,Cust_175
2025-11-30,East,Beta,22,1168.12,42,Cust_193
2025-11-30,East,Gamma,20,1370.99,46,Cust_089
2025-11-30,West,Alpha,17,2001.22,40,Cust_093
2025-11-30,West,Beta,22,2117.03,39,Cust_105
2025-11-30,West,Gamma,13,303.13,39,Cust_191
2025-12-01,North,Alpha,22,2147.51,51,Cust_176
2025-12-01,North,Beta,17,1966.44,53,Cust_119
2025-12-01,North,Gamma,23,617.57,42,Cust_049
2025-12-01,South,Alpha,23,1358.73,55,Cust_075
2025-12-01,South,Beta,29,1206.36,55,Cust_167
2025-12-01,South,Gamma,16,1568.27,47,Cust_122
2025-12-01,East,Alpha,23,1451.12,67,Cust_091
2025-12-01,East,Beta,21,1733.9,61,Cust_084
2025-12-01,East,Gamma,18,1565.07,47,Cust_133
2025-12-01,West,Alpha,19,395.78,71,Cust_072
2025-12-01,West,Beta,22,1039.71,52,Cust_181
2025-12-01,West,Gamma,10,328.59,39,Cust_115
2025-12-02,North,Alpha,13,910.64,57,Cust_121
2025-12-02,North,Beta,18,2061.66,59,Cust_161
2025-12-02,North,Gamma,15,396.35,43,Cust_097
2025-12-02,South,Alpha,16,1848.05,50,Cust_166
2025-12-02,South,Beta,24,1593.19,56,Cust_148
2025-12-02,South,Gamma,15,833.17,45,Cust_021
2025-12-02,East,Alpha,21,2384.33,54,Cust_039
2025-12-02,East,Beta,23,1057.43,51,Cust_092
2025-12-02,East,Gamma,24,2780.44,45,Cust_171
2025-12-02,West,Alpha,14,459.7,47,Cust_104
2025-12-02,West,Beta,15,645.63,55,Cust_065
2025-12-02,West,Gamma,17,662.64,43,Cust_147
2025-12-03,North,Alpha,14,437.1,51,Cust_125
2025-12-03,North,Beta,21,2384.95,53,Cust_038
2025-12-03,North,Gamma,25,1984.02,45,Cust_088
2025-12-03,South,Alpha,15,936.55,47,Cust_190
2025-12-03,South,Beta,16,1303.06,62,Cust_016
2025-12-03,South,Gamma,15,1539.4,33,Cust_020
2025-12-03,East,Alpha,17,724.76,49,Cust_131
2025-12-03,East,Beta,24,2355.5,49,Cust_001
2025-12-03,East,Gamma,14,1127.56,54,Cust_029
2025-12-03,West,Alpha,21,1324.72,35,Cust_178
2025-12-03,West,Beta,18,388.29,49,Cust_158
2025-12-03,West,Gamma,18,767.29,43,Cust_056
2025-12-04,North,Alpha,22,2124.1,58,Cust_112
2025-12-04,North,Beta,22,2501.42,44,Cust_166
2025-12-04,North,Gamma,16,834.16,50,Cust_078
2025-12-04,South,Alpha,24,2573.79,53,Cust_061
2025-12-04,South,Beta,25,1510.05,52,Cust_196
2025-12-04,South,Gamma,30,2295.64,48,Cust_173
2025-12-04,East,Alpha,22,1001.51,38,Cust_133
2025-12-04,East,Beta,22,1091.79,48,Cust_197
2025-12-04,East,Gamma,22,2334.49,50,Cust_115
2025-12-04,West,Alpha,17,1328.1,56,Cust_083
2025-12-04,West,Beta,24,2107.64,61,Cust_052
2025-12-04,West,Gamma,27,2971.67,41,Cust_187
2025-12-05,North,Alpha,25,804.38,52,Cust_045
2025-12-05,North,Beta,13,384.5,42,Cust_180
2025-12-05,North,Gamma,27,2253.29,54,Cust_013
2025-12-05,South,Alpha,22,1376.68,37,Cust_112
2025-12-05,South,Beta,20,2003.32,53,Cust_003
2025-12-05,South,Gamma,20,2041.35,49,Cust_097
2025-12-05,East,Alpha,15,450.74,55,Cust_113
2025-12-05,East,Beta,22,737.83,42,Cust_154
2025-12-05,East,Gamma,21,1301.27,39,Cust_150
2025-12-05,West,Alpha,27,2533.12,50,Cust_141
2025-12-05,West,Beta,17,620.26,45,Cust_073
2025-12-05,West,Gamma,19,1831.59,48,Cust_173
2025-12-06,North,Alpha,19,921.69,49,Cust_163
2025-12-06,North,Beta,20,1202.7,49,Cust_150
2025-12-06,North,Gamma,18,1725.2,46,Cust_181
2025-12-06,South,Alpha,21,1218.02,59,Cust_035
2025-12-06,South,Beta,17,1607.29,44,Cust_048
2025-12-06,South,Gamma,19,859.65,47,Cust_123
2025-12-06,East,Alpha,15,940.8,52,Cust_009
2025-12-06,East,Beta,23,806.82,41,Cust_075
2025-12-06,East,Gamma,24,964.84,57,Cust_003
2025-12-06,West,Alpha,24,1267.85,42,Cust_159
2025-12-06,West,Beta,24,1740.15,38,Cust_189
2025-12-06,West,Gamma,27,3040.71,57,Cust_188
2025-12-07,North,Alpha,18,1064.41,51,Cust_105
2025-12-07,North,Beta,17,736.19,52,Cust_155
2025-12-07,North,Gamma,22,1513.49,43,Cust_042
2025-12-07,South,Alpha,20,1043.18,57,Cust_163
2025-12-07,South,Beta,25,2686.44,43,Cust_029
2025-12-07,South,Gamma,23,1708.67,49,Cust_083
2025-12-07,East,Alpha,17,1560.1,52,Cust_166
2025-12-07,East,Beta,18,717.13,55,Cust_120
2025-12-07,East,Gamma,22,739.58,44,Cust_143
2025-12-07,West,Alpha,23,1449.27,54,Cust_109
2025-12-07,West,Beta,15,1733.12,48,Cust_129
2025-12-07,West,Gamma,17,977.21,44,Cust_017
2025-12-08,North,Alpha,23,2339.3,58,Cust_102
2025-12-08,North,Beta,13,1235.46,52,Cust_164
2025-12-08,North,Gamma,11,331.27,48,Cust_118
2025-12-08,South,Alpha,21,1032.02,46,Cust_052
2025-12-08,South,Beta,18,994.46,42,Cust_095
2025-12-08,South,Gamma,19,785.11,49,Cust_049
2025-12-08,East,Alpha,21,734.24,49,Cust_129
2025-12-08,East,Beta,15,1106.41,50,Cust_007
2025-12-08,East,Gamma,26,1388.96,43,Cust_171
2025-12-08,West,Alpha,14,1471.45,56,Cust_088
2025-12-08,West,Beta,24,908.89,52,Cust_027
2025-12-08,West,Gamma,26,715.92,68,Cust_193
2025-12-09,North,Alpha,27,1357.37,46,Cust_110
2025-12-09,North,Beta,21,659.27,38,Cust_031
2025-12-09,North,Gamma,23,689.74,51,Cust_156
2025-12-09,South,Alpha,13,1396.2,60,Cust_037
2025-12-09,South,Beta,17,1684.4,52,Cust_180
2025-12-09,South,Gamma,25,1468.92,52,Cust_143
2025-12-09,East,Alpha,22,2005.54,62,Cust_044
2025-12-09,East,Beta,18,1295.01,53,Cust_089
2025-12-09,East,Gamma,26,1958.67,37,Cust_056
2025-12-09,West,Alpha,21,776.75,45,Cust_047
2025-12-09,West,Beta,24,975.81,40,Cust_034
2025-12-09,West,Gamma,16,456.59,49,Cust_021
2025-12-10,North,Alpha,17,544.96,40,Cust_151
2025-12-10,North,Beta,25,651.92,44,Cust_003
2025-12-10,North,Gamma,29,3097.63,41,Cust_134
2025-12-10,South,Alpha,15,378.69,42,Cust_126
2025-12-10,South,Beta,18,2060.78,50,Cust_099
2025-12-10,South,Gamma,15,1784.76,50,Cust_067
2025-12-10,East,Alpha,30,630.27,70,Cust_136
2025-12-10,East,Beta,23,2407.28,48,Cust_041
2025-12-10,East,Gamma,22,1628.14,48,Cust_031
2025-12-10,West,Alpha,22,447.72,32,Cust_162
2025-12-10,West,Beta,13,598.37,49,Cust_137
2025-12-10,West,Gamma,20,1668.88,58,Cust_180
2025-12-11,North,Alpha,16,599.74,58,Cust_128
2025-12-11,North,Beta,20,1214.67,45,Cust_036
2025-12-11,North,Gamma,21,768.19,42,Cust_149
2025-12-11,South,Alpha,21,1596.99,62,Cust_120
2025-12-11,South,Beta,26,1935.02,66,Cust_034
2025-12-11,South,Gamma,17,770.87,47,Cust_090
2025-12-11,East,Alpha,20,854.38,48,Cust_078
2025-12-11,East,Beta,25,2387.97,34,Cust_114
2025-12-11,East,Gamma,17,1656.24,55,Cust_191
2025-12-11,West,Alpha,30,736.74,47,Cust_065
2025-12-11,West,Beta,21,1114.91,43,Cust_170
2025-12-11,West,Gamma,20,741.5,59,Cust_140
2025-12-12,North,Alpha,16,611.96,52,Cust_159
2025-12-12,North,Beta,23,1272.75,57,Cust_072
2025-12-12,North,Gamma,30,1746.1,39,Cust_126
2025-12-12,South,Alpha,20,1144.37,57,Cust_017
2025-12-12,South,Beta,18,472.17,42,Cust_052
2025-12-12,South,Gamma,22,1098.06,56,Cust_192
2025-12-12,East,Alpha,10,388.6,51,Cust_119
2025-12-12,East,Beta,19,1979.21,44,Cust_133
2025-12-12,East,Gamma,22,2554.43,43,Cust_073
2025-12-12,West,Alpha,13,915.43,58,Cust_003
2025-12-12,West,Beta,19,1074.22,48,Cust_065
2025-12-12,West,Gamma,20,771.8,51,Cust_103
2025-12-13,North,Alpha,20,1700.2,61,Cust_027
2025-12-13,North,Beta,15,1689.75,46,Cust_130
2025-12-13,North,Gamma,24,1053.43,45,Cust_042
2025-12-13,South,Alpha,13,320.63,49,Cust_009
2025-12-13,South,Beta,16,1354.57,45,Cust_076
2025-12-13,South,Gamma,32,961.06,41,Cust_104
2025-12-13,East,Alpha,18,1498.8,40,Cust_135
2025-12-13,East,Beta,23,1238.87,45,Cust_076
2025-12-13,East,Gamma,25,2869.37,41,Cust_110
2025-12-13,West,Alpha,18,1650.39,42,Cust_047
2025-12-13,West,Beta,21,1085.85,51,Cust_013
2025-12-13,West,Gamma,27,1492.77,47,Cust_148
2025-12-14,North,Alpha,26,1277.94,44,Cust_003
2025-12-14,North,Beta,21,1100.08,55,Cust_021
2025-12-14,North,Gamma,21,1843.79,60,Cust_054
2025-12-14,South,Alpha,22,2479.98,63,Cust_124
2025-12-14,South,Beta,19,1589.05,50,Cust_130
2025-12-14,South,Gamma,14,1304.94,54,Cust_089
2025-12-14,East,Alpha,28,1481.53,51,Cust_099
2025-12-14,East,Beta,18,688.85,46,Cust_145
2025-12-14,East,Gamma,28,1253.59,48,Cust_009
2025-12-14,West,Alpha,22,1399.84,51,Cust_100
2025-12-14,West,Beta,20,921.67,59,Cust_159
2025-12-14,West,Gamma,14,603.08,57,Cust_114
2025-12-15,North,Alpha,16,889.87,47,Cust_077
2025-12-15,North,Beta,22,445.74,53,Cust_186
2025-12-15,North,Gamma,16,1310.73,49,Cust_145
2025-12-15,South,Alpha,15,1710.7,46,Cust_064
2025-12-15,South,Beta,23,1485.72,46,Cust_170
2025-12-15,South,Gamma,22,580.42,46,Cust_161
2025-12-15,East,Alpha,29,2177.87,56,Cust_169
2025-12-15,East,Beta,22,1474.95,45,Cust_047
2025-12-15,East,Gamma,18,1507.1,56,Cust_053
2025-12-15,West,Alpha,28,777.46,44,Cust_068
2025-12-15,West,Beta,23,2233.07,41,Cust_046
2025-12-15,West,Gamma,18,2043.14,45,Cust_150
2025-12-16,North,Alpha,16,1106.63,46,Cust_173
2025-12-16,North,Beta,18,2003.21,56,Cust_103
2025-12-16,North,Gamma,18,1856.58,43,Cust_028
2025-12-16,South,Alpha,16,1309.9,36,Cust_139
2025-12-16,South,Beta,15,1429.3,53,Cust_140
2025-12-16,South,Gamma,25,1606.18,42,Cust_153
2025-12-16,East,Alpha,18,408.19,39,Cust_006
2025-12-16,East,Beta,26,809.37,43,Cust_147
2025-12-16,East,Gamma,16,1689.75,42,Cust_007
2025-12-16,West,Alpha,23,2593.78,39,Cust_128
2025-12-16,West,Beta,23,1623.03,51,Cust_027
2025-12-16,West,Gamma,23,917.09,59,Cust_149
2025-12-17,North,Alpha,16,518.7,74,Cust_080
2025-12-17,North,Beta,16,1691.86,51,Cust_122
2025-12-17,North,Gamma,26,1346.1,59,Cust_021
2025-12-17,South,Alpha,25,1672.54,59,Cust_001
2025-12-17,South,Beta,23,2623.34,61,Cust_145
2025-12-17,South,Gamma,23,2522.71,35,Cust_060
2025-12-17,East,Alpha,24,1715.44,36,Cust_086
2025-12-17,East,Beta,17,1723.89,67,Cust_192
2025-12-17,East,Gamma,14,1586.93,50,Cust_123
2025-12-17,West,Alpha,21,2509.86,48,Cust_093
2025-12-17,West,Beta,14,1353.4,46,Cust_034
2025-12-17,West,Gamma,27,617.21,61,Cust_140
2025-12-18,North,Alpha,19,1434.52,44,Cust_051
2025-12-18,North,Beta,22,688.39,61,Cust_161
2025-12-18,North,Gamma,14,1237.22,44,Cust_144
2025-12-18,South,Alpha,17,2023.28,47,Cust_167
2025-12-18,South,Beta,20,2090.21,52,Cust_062
2025-12-18,South,Gamma,20,2185.59,40,Cust_176
2025-12-18,East,Alpha,27,2098.74,54,Cust_093
2025-12-18,East,Beta,23,1554.0,53,Cust_034
2025-12-18,East,Gamma,15,806.34,50,Cust_028
2025-12-18,West,Alpha,17,1269.45,51,Cust_058
2025-12-18,West,Beta,16,1556.49,44,Cust_170
2025-12-18,West,Gamma,20,908.84,37,Cust_053
2025-12-19,North,Alpha,15,434.98,51,Cust_142
2025-12-19,North,Beta,19,2168.32,58,Cust_013
2025-12-19,North,Gamma,24,1855.74,57,Cust_156
2025-12-19,South,Alpha,21,1461.47,57,Cust_037
2025-12-19,South,Beta,23,1608.63,49,Cust_087
2025-12-19,South,Gamma,29,3173.29,46,Cust_059
2025-12-19,East,Alpha,16,1579.29,46,Cust_058
2025-12-19,East,Beta,19,1350.27,48,Cust_174
2025-12-19,East,Gamma,15,810.34,56,Cust_045
2025-12-19,West,Alpha,19,1170.05,41,Cust_023
2025-12-19,West,Beta,12,1024.57,39,Cust_180
2025-12-19,West,Gamma,19,628.37,46,Cust_001
2025-12-20,North,Alpha,17,1963.23,37,Cust_167
2025-12-20,North,Beta,29,1669.61,45,Cust_040
2025-12-20,North,Gamma,18,1968.82,45,Cust_107
2025-12-20,South,Alpha,29,2229.43,57,Cust_152
2025-12-20,South,Beta,18,832.17,44,Cust_155
2025-12-20,South,Gamma,23,1036.85,44,Cust_066
2025-12-20,East,Alpha,14,559.24,45,Cust_114
2025-12-20,East,Beta,20,654.41,48,Cust_043
2025-12-20,East,Gamma,20,2216.99,49,Cust_105
2025-12-20,West,Alpha,21,963.9,50,Cust_047
2025-12-20,West,Beta,25,2096.14,65,Cust_111
2025-12-20,West,Gamma,16,438.59,48,Cust_188
2025-12-21,North,Alpha,21,1326.03,40,Cust_160
2025-12-21,North,Beta,19,623.46,50,Cust_032
2025-12-21,North,Gamma,25,838.65,57,Cust_121
2025-12-21,South,Alpha,13,1390.3,50,Cust_171
2025-12-21,South,Beta,25,1328.24,50,Cust_059
2025-12-21,South,Gamma,22,2161.37,46,Cust_038
2025-12-21,East,Alpha,20,802.16,61,Cust_168
2025-12-21,East,Beta,30,1998.57,53,Cust_005
2025-12-21,East,Gamma,23,1508.95,31,Cust_014
2025-12-21,West,Alpha,21,1673.15,40,Cust_187
2025-12-21,West,Beta,20,1803.82,49,Cust_153
2025-12-21,West,Gamma,16,542.71,52,Cust_069
2025-12-22,North,Alpha,24,1389.9,63,Cust_150
2025-12-22,North,Beta,10,343.2,51,Cust_048
2025-12-22,North,Gamma,23,2172.65,43,Cust_169
2025-12-22,South,Alpha,22,1933.95,56,Cust_082
2025-12-22,South,Beta,24,2757.11,47,Cust_018
2025-12-22,South,Gamma,28,1756.76,51,Cust_031
2025-12-22,East,Alpha,23,1384.42,53,Cust_023
2025-12-22,East,Beta,18,2114.53,52,Cust_196
2025-12-22,East,Gamma,22,1947.42,46,Cust_146
2025-12-22,West,Alpha,24,1919.25,46,Cust_095
2025-12-22,West,Beta,14,641.91,47,Cust_047
2025-12-22,West,Gamma,14,1085.19,45,Cust_195
2025-12-23,North,Alpha,19,1326.08,48,Cust_118
2025-12-23,North,Beta,20,1596.92,43,Cust_127
2025-12-23,North,Gamma,18,1261.25,61,Cust_166
2025-12-23,South,Alpha,18,1392.7,49,Cust_102
2025-12-23,South,Beta,17,708.49,52,Cust_023
2025-12-23,South,Gamma,15,1208.48,50,Cust_083
2025-12-23,East,Alpha,26,2013.36,56,Cust_059
2025-12-23,East,Beta,15,973.86,49,Cust_182
2025-12-23,East,Gamma,12,645.42,38,Cust_023
2025-12-23,West,Alpha,22,1023.77,46,Cust_135
2025-12-23,West,Beta,16,1107.1,57,Cust_050
2025-12-23,West,Gamma,25,2728.36,49,Cust_173
2025-12-24,North,Alpha,18,739.16,51,Cust_130
2025-12-24,North,Beta,21,2111.49,46,Cust_148
2025-12-24,North,Gamma,18,696.92,43,Cust_157
2025-12-24,South,Alpha,21,794.21,51,Cust_168
2025-12-24,South,Beta,23,1754.21,60,Cust_002
2025-12-24,South,Gamma,17,1671.07,46,Cust_131
2025-12-24,East,Alpha,22,1105.96,50,Cust_024
2025-12-24,East,Beta,20,1046.93,47,Cust_061
2025-12-24,East,Gamma,15,488.85,49,Cust_100
2025-12-24,West,Alpha,22,1959.22,40,Cust_132
2025-12-24,West,Beta,24,1165.56,44,Cust_109
2025-12-24,West,Gamma,17,442.94,54,Cust_134
